CREATE DATABASE  IF NOT EXISTS `dictionary` /*!40100 DEFAULT CHARACTER SET utf8 */;
USE `dictionary`;
-- MySQL dump 10.13  Distrib 5.7.17, for Win64 (x86_64)
--
-- Host: localhost    Database: dictionary
-- ------------------------------------------------------
-- Server version	5.7.20-log

/*!40101 SET @OLD_CHARACTER_SET_CLIENT=@@CHARACTER_SET_CLIENT */;
/*!40101 SET @OLD_CHARACTER_SET_RESULTS=@@CHARACTER_SET_RESULTS */;
/*!40101 SET @OLD_COLLATION_CONNECTION=@@COLLATION_CONNECTION */;
/*!40101 SET NAMES utf8 */;
/*!40103 SET @OLD_TIME_ZONE=@@TIME_ZONE */;
/*!40103 SET TIME_ZONE='+00:00' */;
/*!40014 SET @OLD_UNIQUE_CHECKS=@@UNIQUE_CHECKS, UNIQUE_CHECKS=0 */;
/*!40014 SET @OLD_FOREIGN_KEY_CHECKS=@@FOREIGN_KEY_CHECKS, FOREIGN_KEY_CHECKS=0 */;
/*!40101 SET @OLD_SQL_MODE=@@SQL_MODE, SQL_MODE='NO_AUTO_VALUE_ON_ZERO' */;
/*!40111 SET @OLD_SQL_NOTES=@@SQL_NOTES, SQL_NOTES=0 */;

--
-- Table structure for table `account`
--

DROP TABLE IF EXISTS `account`;
/*!40101 SET @saved_cs_client     = @@character_set_client */;
/*!40101 SET character_set_client = utf8 */;
CREATE TABLE `account` (
  `id` varchar(100) NOT NULL,
  PRIMARY KEY (`id`)
) ENGINE=InnoDB DEFAULT CHARSET=utf8;
/*!40101 SET character_set_client = @saved_cs_client */;

--
-- Dumping data for table `account`
--

LOCK TABLES `account` WRITE;
/*!40000 ALTER TABLE `account` DISABLE KEYS */;
INSERT INTO `account` VALUES ('JtGr7XVTiESm3YkRnHMCkzOV6U83');
/*!40000 ALTER TABLE `account` ENABLE KEYS */;
UNLOCK TABLES;

--
-- Table structure for table `pack_vocab`
--

DROP TABLE IF EXISTS `pack_vocab`;
/*!40101 SET @saved_cs_client     = @@character_set_client */;
/*!40101 SET character_set_client = utf8 */;
CREATE TABLE `pack_vocab` (
  `id` int(100) NOT NULL AUTO_INCREMENT,
  `word_id` int(100) DEFAULT NULL,
  `package_id` int(100) DEFAULT NULL,
  PRIMARY KEY (`id`),
  KEY `word_id` (`word_id`),
  KEY `package_id` (`package_id`),
  CONSTRAINT `pack_vocab_ibfk_1` FOREIGN KEY (`word_id`) REFERENCES `word` (`id`) ON DELETE CASCADE,
  CONSTRAINT `pack_vocab_ibfk_2` FOREIGN KEY (`package_id`) REFERENCES `package` (`id`) ON DELETE CASCADE
) ENGINE=InnoDB AUTO_INCREMENT=58 DEFAULT CHARSET=utf8;
/*!40101 SET character_set_client = @saved_cs_client */;

--
-- Dumping data for table `pack_vocab`
--

LOCK TABLES `pack_vocab` WRITE;
/*!40000 ALTER TABLE `pack_vocab` DISABLE KEYS */;
INSERT INTO `pack_vocab` VALUES (45,87,42),(46,101,42),(47,35,43),(48,39,42),(49,74,42),(50,32,42),(51,72,42),(52,58,42),(53,62,42),(54,162,42),(55,159,42),(56,168,42),(57,179,42);
/*!40000 ALTER TABLE `pack_vocab` ENABLE KEYS */;
UNLOCK TABLES;
/*!50003 SET @saved_cs_client      = @@character_set_client */ ;
/*!50003 SET @saved_cs_results     = @@character_set_results */ ;
/*!50003 SET @saved_col_connection = @@collation_connection */ ;
/*!50003 SET character_set_client  = utf8 */ ;
/*!50003 SET character_set_results = utf8 */ ;
/*!50003 SET collation_connection  = utf8_general_ci */ ;
/*!50003 SET @saved_sql_mode       = @@sql_mode */ ;
/*!50003 SET sql_mode              = 'STRICT_TRANS_TABLES,NO_AUTO_CREATE_USER,NO_ENGINE_SUBSTITUTION' */ ;
DELIMITER ;;
/*!50003 CREATE*/ /*!50017 DEFINER=`root`@`localhost`*/ /*!50003 trigger update_count 
after insert on pack_vocab
for each row
begin
	declare packid int;
    set packid = new.package_id;
	update package set number_words = countWordInPack(packid)
    where id = packid;
    
end */;;
DELIMITER ;
/*!50003 SET sql_mode              = @saved_sql_mode */ ;
/*!50003 SET character_set_client  = @saved_cs_client */ ;
/*!50003 SET character_set_results = @saved_cs_results */ ;
/*!50003 SET collation_connection  = @saved_col_connection */ ;
/*!50003 SET @saved_cs_client      = @@character_set_client */ ;
/*!50003 SET @saved_cs_results     = @@character_set_results */ ;
/*!50003 SET @saved_col_connection = @@collation_connection */ ;
/*!50003 SET character_set_client  = utf8 */ ;
/*!50003 SET character_set_results = utf8 */ ;
/*!50003 SET collation_connection  = utf8_general_ci */ ;
/*!50003 SET @saved_sql_mode       = @@sql_mode */ ;
/*!50003 SET sql_mode              = 'STRICT_TRANS_TABLES,NO_AUTO_CREATE_USER,NO_ENGINE_SUBSTITUTION' */ ;
DELIMITER ;;
/*!50003 CREATE*/ /*!50017 DEFINER=`root`@`localhost`*/ /*!50003 trigger delete_count 
after delete on pack_vocab
for each row
begin
	declare packid int;
    set packid = old.package_id;
	update package set number_words = countWordInPack(packid)
    where id = packid;
    
end */;;
DELIMITER ;
/*!50003 SET sql_mode              = @saved_sql_mode */ ;
/*!50003 SET character_set_client  = @saved_cs_client */ ;
/*!50003 SET character_set_results = @saved_cs_results */ ;
/*!50003 SET collation_connection  = @saved_col_connection */ ;

--
-- Table structure for table `pack_vocab_vn`
--

DROP TABLE IF EXISTS `pack_vocab_vn`;
/*!40101 SET @saved_cs_client     = @@character_set_client */;
/*!40101 SET character_set_client = utf8 */;
CREATE TABLE `pack_vocab_vn` (
  `id` int(100) NOT NULL AUTO_INCREMENT,
  `word_id` int(100) DEFAULT NULL,
  `package_id` int(100) DEFAULT NULL,
  PRIMARY KEY (`id`),
  KEY `word_id` (`word_id`),
  KEY `package_id` (`package_id`),
  CONSTRAINT `pack_vocab_vn_ibfk_1` FOREIGN KEY (`word_id`) REFERENCES `wordvn` (`id`) ON DELETE CASCADE,
  CONSTRAINT `pack_vocab_vn_ibfk_2` FOREIGN KEY (`package_id`) REFERENCES `packagevn` (`id`) ON DELETE CASCADE
) ENGINE=InnoDB AUTO_INCREMENT=9 DEFAULT CHARSET=utf8;
/*!40101 SET character_set_client = @saved_cs_client */;

--
-- Dumping data for table `pack_vocab_vn`
--

LOCK TABLES `pack_vocab_vn` WRITE;
/*!40000 ALTER TABLE `pack_vocab_vn` DISABLE KEYS */;
INSERT INTO `pack_vocab_vn` VALUES (6,5,10),(7,9,10),(8,10,10);
/*!40000 ALTER TABLE `pack_vocab_vn` ENABLE KEYS */;
UNLOCK TABLES;
/*!50003 SET @saved_cs_client      = @@character_set_client */ ;
/*!50003 SET @saved_cs_results     = @@character_set_results */ ;
/*!50003 SET @saved_col_connection = @@collation_connection */ ;
/*!50003 SET character_set_client  = utf8 */ ;
/*!50003 SET character_set_results = utf8 */ ;
/*!50003 SET collation_connection  = utf8_general_ci */ ;
/*!50003 SET @saved_sql_mode       = @@sql_mode */ ;
/*!50003 SET sql_mode              = 'STRICT_TRANS_TABLES,NO_AUTO_CREATE_USER,NO_ENGINE_SUBSTITUTION' */ ;
DELIMITER ;;
/*!50003 CREATE*/ /*!50017 DEFINER=`root`@`localhost`*/ /*!50003 trigger update_count2 
after insert on pack_vocab_vn
for each row
begin
	declare packid int;
    set packid = new.package_id;
	update packagevn set number_words = countWordInPack2(packid)
    where id = packid;
    
end */;;
DELIMITER ;
/*!50003 SET sql_mode              = @saved_sql_mode */ ;
/*!50003 SET character_set_client  = @saved_cs_client */ ;
/*!50003 SET character_set_results = @saved_cs_results */ ;
/*!50003 SET collation_connection  = @saved_col_connection */ ;
/*!50003 SET @saved_cs_client      = @@character_set_client */ ;
/*!50003 SET @saved_cs_results     = @@character_set_results */ ;
/*!50003 SET @saved_col_connection = @@collation_connection */ ;
/*!50003 SET character_set_client  = utf8 */ ;
/*!50003 SET character_set_results = utf8 */ ;
/*!50003 SET collation_connection  = utf8_general_ci */ ;
/*!50003 SET @saved_sql_mode       = @@sql_mode */ ;
/*!50003 SET sql_mode              = 'STRICT_TRANS_TABLES,NO_AUTO_CREATE_USER,NO_ENGINE_SUBSTITUTION' */ ;
DELIMITER ;;
/*!50003 CREATE*/ /*!50017 DEFINER=`root`@`localhost`*/ /*!50003 trigger delete_count2 
after delete on pack_vocab_vn
for each row
begin
	declare packid int;
    set packid = old.package_id;
	update packagevn set number_words = countWordInPack2(packid)
    where id = packid;
    
end */;;
DELIMITER ;
/*!50003 SET sql_mode              = @saved_sql_mode */ ;
/*!50003 SET character_set_client  = @saved_cs_client */ ;
/*!50003 SET character_set_results = @saved_cs_results */ ;
/*!50003 SET collation_connection  = @saved_col_connection */ ;

--
-- Table structure for table `package`
--

DROP TABLE IF EXISTS `package`;
/*!40101 SET @saved_cs_client     = @@character_set_client */;
/*!40101 SET character_set_client = utf8 */;
CREATE TABLE `package` (
  `id` int(100) NOT NULL AUTO_INCREMENT,
  `name` varchar(100) DEFAULT NULL,
  `created_date` date DEFAULT NULL,
  `number_words` int(100) DEFAULT NULL,
  `account_id` varchar(100) DEFAULT NULL,
  PRIMARY KEY (`id`),
  KEY `account_id` (`account_id`),
  CONSTRAINT `package_ibfk_1` FOREIGN KEY (`account_id`) REFERENCES `account` (`id`) ON DELETE CASCADE
) ENGINE=InnoDB AUTO_INCREMENT=47 DEFAULT CHARSET=utf8;
/*!40101 SET character_set_client = @saved_cs_client */;

--
-- Dumping data for table `package`
--

LOCK TABLES `package` WRITE;
/*!40000 ALTER TABLE `package` DISABLE KEYS */;
INSERT INTO `package` VALUES (41,'Toeic ngày 11/06','2018-06-12',0,'JtGr7XVTiESm3YkRnHMCkzOV6U83'),(42,'từ vựng giao tiếp 12/06','2018-06-12',12,'JtGr7XVTiESm3YkRnHMCkzOV6U83'),(43,'Từ vựng yêu thích','2018-06-12',1,'JtGr7XVTiESm3YkRnHMCkzOV6U83'),(44,'toeic 900+','2018-06-12',0,'JtGr7XVTiESm3YkRnHMCkzOV6U83'),(45,'gói từ khó học','2018-06-12',0,'JtGr7XVTiESm3YkRnHMCkzOV6U83'),(46,'thành ngữ','2018-06-12',0,'JtGr7XVTiESm3YkRnHMCkzOV6U83');
/*!40000 ALTER TABLE `package` ENABLE KEYS */;
UNLOCK TABLES;

--
-- Table structure for table `packagevn`
--

DROP TABLE IF EXISTS `packagevn`;
/*!40101 SET @saved_cs_client     = @@character_set_client */;
/*!40101 SET character_set_client = utf8 */;
CREATE TABLE `packagevn` (
  `id` int(100) NOT NULL AUTO_INCREMENT,
  `name` varchar(100) DEFAULT NULL,
  `created_date` date DEFAULT NULL,
  `number_words` int(100) DEFAULT NULL,
  `account_id` varchar(100) DEFAULT NULL,
  PRIMARY KEY (`id`),
  KEY `account_id` (`account_id`),
  CONSTRAINT `packagevn_ibfk_1` FOREIGN KEY (`account_id`) REFERENCES `account` (`id`) ON DELETE CASCADE
) ENGINE=InnoDB AUTO_INCREMENT=11 DEFAULT CHARSET=utf8;
/*!40101 SET character_set_client = @saved_cs_client */;

--
-- Dumping data for table `packagevn`
--

LOCK TABLES `packagevn` WRITE;
/*!40000 ALTER TABLE `packagevn` DISABLE KEYS */;
INSERT INTO `packagevn` VALUES (6,'gói 123','2018-06-12',0,'JtGr7XVTiESm3YkRnHMCkzOV6U83'),(7,'tiếng việt so hard','2018-06-12',0,'JtGr7XVTiESm3YkRnHMCkzOV6U83'),(9,'từ khó hiểu','2018-06-12',0,'JtGr7XVTiESm3YkRnHMCkzOV6U83'),(10,'tên các nước','2018-06-12',3,'JtGr7XVTiESm3YkRnHMCkzOV6U83');
/*!40000 ALTER TABLE `packagevn` ENABLE KEYS */;
UNLOCK TABLES;

--
-- Table structure for table `word`
--

DROP TABLE IF EXISTS `word`;
/*!40101 SET @saved_cs_client     = @@character_set_client */;
/*!40101 SET character_set_client = utf8 */;
CREATE TABLE `word` (
  `id` int(100) NOT NULL AUTO_INCREMENT,
  `word` varchar(100) DEFAULT NULL,
  `detail1` text,
  `detail2` text,
  PRIMARY KEY (`id`)
) ENGINE=InnoDB AUTO_INCREMENT=1031 DEFAULT CHARSET=utf8;
/*!40101 SET character_set_client = @saved_cs_client */;

--
-- Dumping data for table `word`
--

LOCK TABLES `word` WRITE;
/*!40000 ALTER TABLE `word` DISABLE KEYS */;
INSERT INTO `word` VALUES (31,'a-bomb',' @a-bomb /\'ei\'bɔm/ ','  danh từ - bom nguyên tử '),(32,'A-D',NULL,' @A-D = A/D = a-d (analog-to-digital) - (Tech) đổi  dạng sóng (dạng tương tự) sang dạng số '),(33,'a.d.',' @a.d. /\'ei\'di:/ ','  (viết tắt) của Ano Domin - sau công nguyên =1540 a.d.+ năm 1540 sau công nguyên '),(34,'a.d.c',NULL,' @a.d.c - (vt của aide-de-camp) sự quan phụ tá '),(35,'A-D conversion',NULL,' @A-D conversion - (Tech) đổi sóng (tương tự) - số '),(36,'A-D converter circuit',NULL,' @A-D converter circuit - (Tech) mạch đổi sóng-số '),(37,'A except B gate',NULL,' @A except B gate - (Tech) cổng A loại trừ B '),(38,'a font',' @a font /ɑ:\'fɜ:ɳ/ ','  phó từ - thấu triệt, cặn kẽ, rõ ngọn nghành '),(39,'a fortiori',' @a fortiori /\'ei,fɔ:ti\'ɔ:rai/ ','  phó từ - huống hồ, huống là  @a fortiori - lại càng '),(40,'a-going',' @a-going /ə\'gouiɳ/ ','  tính từ &amp; phó từ - đang chạy, đang chuyển động; đang hoạt động, đang tiến hành =to set a-going+ cho chuyển động, cho chạy (máy...) '),(41,'A ignore B gate',NULL,' @A ignore B gate - (Tech) cổng A không biết B '),(42,'A implies B gate',NULL,' @A implies B gate - (Tech) cổng A bao hàm B '),(43,'a la carte',' @a la carte /\'ɑ:lɑ:\'kɑ:t/ ','  phó từ - theo món, gọi theo món, đặt theo món =to dine a_la_carte+ ăn cơm gọi theo món '),(44,'a la mode',' @a la mode /,ɑ:lə\'moud/ ','  phó từ - hợp thời trang, đúng mốt '),(45,'a.m',NULL,' @a.m - (vt)(radio)viết tắt của amplitude modulation) biến điệu biên độ - &lt;Mỹ&gt; (vt của Master of Arts) cao học văn chương - (vt của tiếng Latinh Antemeridian) sáng, trước ngọ '),(46,'a.m.',' @a.m. /\'ei\'em/ ','  phó từ - (xem) ante_meridiem '),(47,'a-ok',' @a-ok ',' tính từ - &lt;Mỹ,khng&gt; giống như OK nhấn mạnh '),(48,'a-pac-thai',' @a-pac-thai ',' danh từ - apartheid '),(49,'a-plenty',' @a-plenty /ə\'plenti/ ','  phó từ - (từ Mỹ,nghĩa Mỹ) nhiều, dồi dào, phong phú '),(50,'a-point',NULL,' @a-point - (giải tích) a- điểm '),(51,'a posteriori',' @a posteriori /\'eipɔs,teri\'ɔ:rai/ ','  phó từ &amp; tính từ - theo phép quy nạp =method a_posteriori+ phương pháp quy nạp - hậu nghiệm =probability a_posteriori+ (toán học) xác suất hậu nghiệm  @a posteriori - hậu nghiệm '),(52,'a-power',' @a-power /\'ei\'pauə/ ','  danh từ - năng lượng nguyên tử - cường quốc nguyên tử '),(53,'a priori',' @a priori /\'eiprai\'ɔ:rai/ ','  danh từ &amp; phó từ - theo cách suy diễn, theo cách diễn dịch - tiên nghiệm =probability a_priori+ (toán học) xác xuất tiên nghiệm  @a priori - tiên nghiệm '),(54,'a-road',' @a-road ',' danh từ - đường lớn, không quan trọng bằng xa lộ, nhưng rộng và thẳng hơn đường loại B '),(55,'a.s.a.p.',' @asap ',' (viết tắt) - càng sớm càng tốt (As soon as possible) '),(56,'A shares',NULL,' @A shares - (Econ) Cổ phiếu A.(Cổ phiếu hưởng lãi sau). + Xem FINANCIAL CAPITAL. '),(57,'a-side',' @a-side ',' danh từ - mặt chính của dĩa hát '),(58,'A W O L',' @awol /\'eiwɔ:l/ ','  tính từ - (quân sự) nghỉ không được phép, nghỉ không xin phép '),(59,'A4-size',NULL,' @A4-size - (Tech) khổ giấy A4 (21 cm x 29.7 cm) '),(60,'aa',NULL,' @aa - (Alcoholics Anonymous) Hội cai rượu - (Automobile Association) Hội ô tô '),(61,'aaa',NULL,' @aaa - (Amateur Athletic Association) Hội thể thao không chuyên - (American Automobile Association) Hiệp hội xe hơi Mỹ '),(62,'aard-wolf',' @aard-wolf /\'ɑ:d,wulf/ ','  danh từ - (động vật học) chó sói đất (Nam Phi) '),(63,'aardvark',' @aardvark ',' danh từ - (động vật) lợn đất '),(64,'aardvarks',' @aardvark ',' danh từ - (động vật) lợn đất '),(65,'aardwolf',' @aardwolf ',' danh từ - &lt;động&gt; chó sói đất (Nam Phi) '),(66,'aardwolves',' @aardwolf ',' danh từ - &lt;động&gt; chó sói đất (Nam Phi) '),(67,'aasvogel',' @aasvogel /\'ɑ:sfougəl/ ','  danh từ - (động vật học) con kên kên (Nam Phi) '),(68,'ab',NULL,' @ab - (vt của able-bodied seaman) thủy thủ hạng nhất - (vt của Bachelor of Arts) Cử nhân văn chương '),(69,'aba',' @aba /\'ɑ:bə/ ','  danh từ - áo aba (áo ngoài giống hình cái túi người A-Rập) '),(70,'abac, abacus',NULL,' @abac, abacus - bàn tính, toán đồ, bản đồ tính '),(71,'abaca',' @abaca ',' danh từ - vải dệt bằng tơ chuối abaca ở philipin - cây chuối abaca '),(72,'abaci',' @abaci /\'æbəkəs/ ','  danh từ,  số nhiều abaci,  abacuses - bàn tính =to move counters of an abacus; to work an abacus+ tính bằng bàn tính, gảy bàn tính - (kiến trúc) - đầu cột, đỉnh cột  @abacus /\'æbəkəs/ ;  danh từ,  số nhiều abaci,  abacuses - bàn tính =to move counters of an abacus; to work an abacus+ tính bằng bàn tính, gảy bàn tính - (kiến trúc) - đầu cột, đỉnh cột  @abacus - (Tech) bàn toán '),(73,'abacist',' @abacist ',' danh từ - người gãy bàn phím - người kế toán '),(74,'aback',' @aback /ə\'bæk/ ','  phó từ - lùi lại, trở lại phía sau =to stand aback from+ đứng lùi lại để tránh - (hàng hải) bị thổi ép vào cột buồm (buồm) =to be taken aback+ (hàng hải) bị gió thổi ép vào cột buồm - (nghĩa bóng) sửng sốt, ngạc nhiên =to be taken aback by the news+ sửng sốt vì cái tin đó '),(75,'abacterial',' @abacterial ',' tính từ - không do vi khuẩn gây ra '),(76,'abaction',' @abaction ',' danh từ - (từ pháp) việc gia súc bị bắt trộm '),(77,'abactus',' @abactus ',' tính từ - bị trụy thai '),(78,'abacus',' @abacus /\'æbəkəs/ ','  danh từ,  số nhiều abaci,  abacuses - bàn tính =to move counters of an abacus; to work an abacus+ tính bằng bàn tính, gảy bàn tính - (kiến trúc) - đầu cột, đỉnh cột  @abacus - (Tech) bàn toán '),(79,'abacuses',' @abacus /\'æbəkəs/ ','  danh từ,  số nhiều abaci,  abacuses - bàn tính =to move counters of an abacus; to work an abacus+ tính bằng bàn tính, gảy bàn tính - (kiến trúc) - đầu cột, đỉnh cột  @abacus - (Tech) bàn toán '),(80,'abaddon',' @abaddon /ə\'bædən/ ','  danh từ - âm ti, địa ngục - con quỷ '),(81,'abaft',' @abaft /ə\'bɑ:ft/ ','  phó từ - (hàng hải) ở phía sau bánh lái, gần phía bánh lái ;  giới từ - (hàng hải) sau, ở đằng sau, ở phía sau =abaft the mast+ sau cột buồm '),(82,'abalienate',' @abalienate ',' ngoại động từ - nhường lại tài sản '),(83,'abalienated',' @abalienate ',' ngoại động từ - nhường lại tài sản '),(84,'abalienates',' @abalienate ',' ngoại động từ - nhường lại tài sản '),(85,'abalienating',' @abalienate ',' ngoại động từ - nhường lại tài sản '),(86,'abalienation',' @abalienation ',' danh từ - sự nhường lại tài sản '),(87,'abalone',' @abalone /,æbə\'louni/ ','  danh từ - (từ Mỹ,nghĩa Mỹ) bào ngư '),(88,'abalones',' @abalone /,æbə\'louni/ ','  danh từ - (từ Mỹ,nghĩa Mỹ) bào ngư '),(89,'abampere',NULL,' @abampere - (Tech) abampe, ampe tuyệt đối (đơn vị cường độ tuyệt đối của dòng điện, 1 abampe = 10 ampe) '),(90,'abandon',' @abandon /ə\'bændən/ ','  ngoại động từ - bộm (nhiếp ảnh) (nhiếp ảnh) (từ Mỹ,nghĩa Mỹ) từ bỏ; bỏ rơi, ruồng bỏ =to abandon a hope+ từ bỏ hy vọng =to abandon one\'s wife and children+ ruồng bỏ vợ con =to abandon oneself to+ đắm đuối, chìm đắm vào (nỗi thất vọng...) ;  danh từ - sự phóng túng, sự tự do, sự buông thả =with abandon+ phóng túng  @abandon - (Tech) bỏ, bỏ rơi (đ) '),(91,'abandon call',NULL,' @abandon call - (Tech) gọi bỏ '),(92,'abandoned',' @abandoned /ə\'bændənd/ ','  tính từ - bị bỏ rơi, bị ruồng bỏ - phóng đãng, truỵ lạc  @abandon /ə\'bændən/ ;  ngoại động từ - bộm (nhiếp ảnh) (nhiếp ảnh) (từ Mỹ,nghĩa Mỹ) từ bỏ; bỏ rơi, ruồng bỏ =to abandon a hope+ từ bỏ hy vọng =to abandon one\'s wife and children+ ruồng bỏ vợ con =to abandon oneself to+ đắm đuối, chìm đắm vào (nỗi thất vọng...) ;  danh từ - sự phóng túng, sự tự do, sự buông thả =with abandon+ phóng túng  @abandon - (Tech) bỏ, bỏ rơi (đ) '),(93,'abandoner',' @abandoner /ə\'bændənə/ ','  danh từ - (pháp lý) người rút đơn '),(94,'abandoners',' @abandoner /ə\'bændənə/ ','  danh từ - (pháp lý) người rút đơn '),(95,'abandoning',' @abandon /ə\'bændən/ ','  ngoại động từ - bộm (nhiếp ảnh) (nhiếp ảnh) (từ Mỹ,nghĩa Mỹ) từ bỏ; bỏ rơi, ruồng bỏ =to abandon a hope+ từ bỏ hy vọng =to abandon one\'s wife and children+ ruồng bỏ vợ con =to abandon oneself to+ đắm đuối, chìm đắm vào (nỗi thất vọng...) ;  danh từ - sự phóng túng, sự tự do, sự buông thả =with abandon+ phóng túng  @abandon - (Tech) bỏ, bỏ rơi (đ) '),(96,'abandonment',' @abandonment /ə\'bændənmənt/ ','  danh từ - sự bỏ, sự từ bỏ, sự bỏ rơi, sự ruồng bỏ - tình trạng bị bỏ rơi, tình trạng bị ruồng bỏ - sự phóng túng, sự tự do, sự buông thả  @abandonment - (Tech) bỏ, từ bỏ (d) '),(97,'abandonments',' @abandonment /ə\'bændənmənt/ ','  danh từ - sự bỏ, sự từ bỏ, sự bỏ rơi, sự ruồng bỏ - tình trạng bị bỏ rơi, tình trạng bị ruồng bỏ - sự phóng túng, sự tự do, sự buông thả  @abandonment - (Tech) bỏ, từ bỏ (d) '),(98,'abandons',' @abandon /ə\'bændən/ ','  ngoại động từ - bộm (nhiếp ảnh) (nhiếp ảnh) (từ Mỹ,nghĩa Mỹ) từ bỏ; bỏ rơi, ruồng bỏ =to abandon a hope+ từ bỏ hy vọng =to abandon one\'s wife and children+ ruồng bỏ vợ con =to abandon oneself to+ đắm đuối, chìm đắm vào (nỗi thất vọng...) ;  danh từ - sự phóng túng, sự tự do, sự buông thả =with abandon+ phóng túng  @abandon - (Tech) bỏ, bỏ rơi (đ) '),(99,'abapikal',' @abapikal ',' tính từ - (sinh học) xa đỉnh; xa ngọn - dưới vực '),(100,'abarticular',' @abarticular ',' tính từ - (giải phẫu) học ngoài khớp; trật khớp '),(101,'abas',' @aba /\'ɑ:bə/ ','  danh từ - áo aba (áo ngoài giống hình cái túi người A-Rập) '),(102,'abase',' @abase /ə\'beis/ ','  ngoại động từ - làm hạ phẩm giá, làm mất thể diện, làm nhục =to abase one-self+ tự hạ mình '),(103,'abased',' @abase /ə\'beis/ ','  ngoại động từ - làm hạ phẩm giá, làm mất thể diện, làm nhục =to abase one-self+ tự hạ mình '),(104,'abasement',' @abasement /ə\'beismənt/ ','  danh từ - sự làm hạ phẩm giá, sự làm mất thể diện, sự làm nhục '),(105,'abasements',' @abasement /ə\'beismənt/ ','  danh từ - sự làm hạ phẩm giá, sự làm mất thể diện, sự làm nhục '),(106,'abases',' @abase /ə\'beis/ ','  ngoại động từ - làm hạ phẩm giá, làm mất thể diện, làm nhục =to abase one-self+ tự hạ mình '),(107,'abash',' @abash /ə\'bæʃ/ ','  ngoại động từ - làm bối rối, làm lúng túng, làm luống cuống '),(108,'abashed',' @abashed ',' tính từ - bối rối, xấu hổ  @abash /ə\'bæʃ/ ;  ngoại động từ - làm bối rối, làm lúng túng, làm luống cuống '),(109,'abashes',' @abash /ə\'bæʃ/ ','  ngoại động từ - làm bối rối, làm lúng túng, làm luống cuống '),(110,'abashing',' @abash /ə\'bæʃ/ ','  ngoại động từ - làm bối rối, làm lúng túng, làm luống cuống '),(111,'abashment',' @abashment /ə\'bæʃmənt/ ','  danh từ - sự bối rối, sự lúng túng, sự luống cuống '),(112,'abashments',' @abashment /ə\'bæʃmənt/ ','  danh từ - sự bối rối, sự lúng túng, sự luống cuống '),(113,'abasing',' @abase /ə\'beis/ ','  ngoại động từ - làm hạ phẩm giá, làm mất thể diện, làm nhục =to abase one-self+ tự hạ mình '),(114,'abask',' @abask /ə\'bɑ:sk/ ','  phó từ - (thơ ca) dưới ánh nắng, dưới ánh mặt trời, trong ánh lửa ấm '),(115,'abatable',' @abatable /ə\'beitəbl/ ','  tính từ - có thể làm dịu, có thể làm yếu đi, có thể giảm bớt - có thể hạ, có thể bớt - có thể làm nhụt - có thể chấm dứt, có thể thanh trừ - (pháp lý) có thể huỷ bỏ, có thể thủ tiêu '),(116,'abate',' @abate /ə\'beit/ ','  ngoại động từ - làm dịu đi, làm yếu đi, làm giảm bớt =to abate a pain+ làm dịu đau - hạ (giá), bớt (giá) - làm nhụt (nhụt khí...) - làm cùn (lưỡi dao...) - thanh toán, làm mất hết (những điều khó chịu, bực bội) - (pháp lý) huỷ bỏ, thủ tiêu - (kỹ thuật) ram (thép) ;  nội động từ - dịu đi, yếu đi, nhụt đi, đỡ, bớt, ngớt =paint abates+ cơn đau dịu đi =storm abates+ cơn bão ngớt '),(117,'abated',' @abate /ə\'beit/ ','  ngoại động từ - làm dịu đi, làm yếu đi, làm giảm bớt =to abate a pain+ làm dịu đau - hạ (giá), bớt (giá) - làm nhụt (nhụt khí...) - làm cùn (lưỡi dao...) - thanh toán, làm mất hết (những điều khó chịu, bực bội) - (pháp lý) huỷ bỏ, thủ tiêu - (kỹ thuật) ram (thép) ;  nội động từ - dịu đi, yếu đi, nhụt đi, đỡ, bớt, ngớt =paint abates+ cơn đau dịu đi =storm abates+ cơn bão ngớt '),(118,'abatement',' @abatement /ə\'beitmənt/ ','  danh từ - sự dịu đi, sự yếu đi, sự nhụt đi, sự giảm bớt, sự đỡ, sự ngớt - sự hạ (giá), sự bớt (giá) - sự chấm dứt, sự thanh toán - (pháp lý) sự huỷ bỏ, sự thủ tiêu =abatement of a contract+ sự huỷ bỏ một hợp đồng '),(119,'Abatement cost',NULL,' @Abatement cost - (Econ) Chi phí kiểm soát; chi phí chống (ô nhiễm) + Chi phí làm giảm sự khó chịu như ô nhiễm hay tắc đường. '),(120,'abatements',' @abatement /ə\'beitmənt/ ','  danh từ - sự dịu đi, sự yếu đi, sự nhụt đi, sự giảm bớt, sự đỡ, sự ngớt - sự hạ (giá), sự bớt (giá) - sự chấm dứt, sự thanh toán - (pháp lý) sự huỷ bỏ, sự thủ tiêu =abatement of a contract+ sự huỷ bỏ một hợp đồng '),(121,'abater',' @abater ',' danh từ - người giảm bớt - (y học) thuốc làm dịu '),(122,'abates',' @abate /ə\'beit/ ','  ngoại động từ - làm dịu đi, làm yếu đi, làm giảm bớt =to abate a pain+ làm dịu đau - hạ (giá), bớt (giá) - làm nhụt (nhụt khí...) - làm cùn (lưỡi dao...) - thanh toán, làm mất hết (những điều khó chịu, bực bội) - (pháp lý) huỷ bỏ, thủ tiêu - (kỹ thuật) ram (thép) ;  nội động từ - dịu đi, yếu đi, nhụt đi, đỡ, bớt, ngớt =paint abates+ cơn đau dịu đi =storm abates+ cơn bão ngớt '),(123,'abating',' @abate /ə\'beit/ ','  ngoại động từ - làm dịu đi, làm yếu đi, làm giảm bớt =to abate a pain+ làm dịu đau - hạ (giá), bớt (giá) - làm nhụt (nhụt khí...) - làm cùn (lưỡi dao...) - thanh toán, làm mất hết (những điều khó chịu, bực bội) - (pháp lý) huỷ bỏ, thủ tiêu - (kỹ thuật) ram (thép) ;  nội động từ - dịu đi, yếu đi, nhụt đi, đỡ, bớt, ngớt =paint abates+ cơn đau dịu đi =storm abates+ cơn bão ngớt '),(124,'abatis',' @abatis /\'æbətis/ ','  danh từ,  số nhiều abatis - (quân sự) đống cây chướng ngại, đống cây cản '),(125,'abatised',' @abatised /\'æbətist/ ','  tính từ - (quân sự) có đống cây chướng ngại, có đống cây cản '),(126,'abatises',' @abatis /\'æbətis/ ','  danh từ,  số nhiều abatis - (quân sự) đống cây chướng ngại, đống cây cản '),(127,'abattoir',' @abattoir /\'æbətwɑ:/ ','  danh từ - lò mổ, lò sát sinh '),(128,'abattoirs',' @abattoir /\'æbətwɑ:/ ','  danh từ - lò mổ, lò sát sinh '),(129,'abaxial',' @abaxial ',' tính từ - ở ngoài trục, xa trục '),(130,'abaya',' @abaya ',' danh từ - áo aba (của người A Rập) '),(131,'abb',' @abb /æb/ ','  danh từ - (nghành dệt) sợi canh, sợi khổ (của tấm vải) '),(132,'abbacies',' @abbacy /\'æbəsi/ ','  danh từ - chức vị trưởng tu viện; quyền hạn trưởng tu viện '),(133,'abbacy',' @abbacy /\'æbəsi/ ','  danh từ - chức vị trưởng tu viện; quyền hạn trưởng tu viện '),(134,'abbatial',' @abbatial /ə\'beiʃəl/ ','  tính từ - (thuộc) trưởng tu viện '),(135,'abbess',' @abbess /\'æbis/ ','  danh từ - bà trưởng tu viện  @abbot /\'æbət/ ; danh từ - cha trưởng tu viện '),(136,'abbesses',' @abbess /\'æbis/ ','  danh từ - bà trưởng tu viện  @abbot /\'æbət/ ;  danh từ - cha trưởng tu viện '),(137,'abbey',' @abbey /\'æbi/ ','  danh từ - tu viện - giới tu sĩ, các nhà tu, các bà xơ nhà thờ (lớn) '),(138,'abbeys',' @abbey /\'æbi/ ','  danh từ - tu viện - giới tu sĩ, các nhà tu, các bà xơ nhà thờ (lớn) '),(139,'abbo',' @abbo ',' danh từ - số nhiều abos,  abbos - người thổ dân; dân cư trú đầu tiên tại địa phương '),(140,'abbot',' @abbot /\'æbət/ ','  danh từ - cha trưởng tu viện '),(141,'abbots',' @abbot /\'æbət/ ','  danh từ - cha trưởng tu viện '),(142,'abbr',NULL,' @abbr - (vt của abbreviated, abbreviation) viết tắt, chữ viết tắt '),(143,'abbreviate',' @abbreviate /ə\'bri:vieit/ ','  ngoại động từ - tóm tắt, viết tắt; rút ngắn lại (cuộc đi thăm...) - (toán học) ước lược, rút gọn ;  tính từ - tương đối ngắn  @abbreviate - (Tech) rút gọn; viết tắt  @abbreviate - viết gọn, viết tắt '),(144,'abbreviated',' @abbreviated /ə\'bri:vietid/ ','  tính từ - tóm tắt; viết tắt; rút ngắn lại - ngắn cũn cỡn (quần áo...)  @abbreviate /ə\'bri:vieit/ ;  ngoại động từ - tóm tắt, viết tắt; rút ngắn lại (cuộc đi thăm...) - (toán học) ước lược, rút gọn ;  tính từ - tương đối ngắn  @abbreviate - (Tech) rút gọn; viết tắt  @abbreviate - viết gọn, viết tắt '),(145,'abbreviated address',NULL,' @abbreviated address - (Tech) địa chỉ rút gọn '),(146,'abbreviates',' @abbreviate /ə\'bri:vieit/ ','  ngoại động từ - tóm tắt, viết tắt; rút ngắn lại (cuộc đi thăm...) - (toán học) ước lược, rút gọn ;  tính từ - tương đối ngắn  @abbreviate - (Tech) rút gọn; viết tắt  @abbreviate - viết gọn, viết tắt '),(147,'abbreviating',' @abbreviate /ə\'bri:vieit/ ','  ngoại động từ - tóm tắt, viết tắt; rút ngắn lại (cuộc đi thăm...) - (toán học) ước lược, rút gọn ;  tính từ - tương đối ngắn  @abbreviate - (Tech) rút gọn; viết tắt  @abbreviate - viết gọn, viết tắt '),(148,'abbreviation',' @abbreviation /ə,bri:vi\'eiʃn/ ','  danh từ - sự tóm tắt, sự rút ngắn (cuộc đi thăm...) - bài tóm tắt - chữ viết tắt =Jan is the abbreviation January+ Jan là chữ viết tắt của January - (toán học) sự ước lược, sự rút gọn  @abbreviation - (Tech) sự tóm tắt; chữ viết tắt  @abbreviation - sự viết gọn, sự viết tắt '),(149,'abbreviations',' @abbreviation /ə,bri:vi\'eiʃn/ ','  danh từ - sự tóm tắt, sự rút ngắn (cuộc đi thăm...) - bài tóm tắt - chữ viết tắt =Jan is the abbreviation January+ Jan là chữ viết tắt của January - (toán học) sự ước lược, sự rút gọn  @abbreviation - (Tech) sự tóm tắt; chữ viết tắt  @abbreviation - sự viết gọn, sự viết tắt '),(150,'abbreviator',' @abbreviator /ə\'bri:vieitə/ ','  danh từ - người tóm tắt '),(151,'abbreviators',' @abbreviator /ə\'bri:vieitə/ ','  danh từ - người tóm tắt '),(152,'abc',' @abc ',' danh từ - bảng chữ cái - khái niệm cơ sở, cơ sở - &lt;đsắt&gt; bảng chỉ đường theo ABC ; danh từ - (vt của American Broadcasting Company) Công ty phát thanh truyền hình Mỹ - (vt của Australian Broadcasting Commission) Uy ban phát thanh truyền hình Uc Đại Lợi '),(153,'abc-book',' @abc-book ',' danh từ - sách vỡ lòng, sách học vần '),(154,'abcauline',' @abcauline ',' tính từ - (sinh học) ngoài thân, xa thân '),(155,'abdicable',NULL,' @abdicable - xem abdicate '),(156,'abdicant',' @abdicant /\'æbdikeitə/ (abdicant) /\'æbdikənt/ ','  danh từ - người từ bỏ - người thoái vị '),(157,'abdicants',' @abdicant /\'æbdikeitə/ (abdicant) /\'æbdikənt/ ','  danh từ - người từ bỏ - người thoái vị '),(158,'abdicate',' @abdicate /\'æbdikeit/ ','  ngoại động từ - từ bỏ (quyền lợi, địa vị...) =to abdicate a position+ từ bỏ một địa vị =to abdicate all one\'s rights+ từ bỏ mọi quyền lợi ; nội động từ - thoái vị, từ ngôi '),(159,'abdicated',' @abdicate /\'æbdikeit/ ','  ngoại động từ - từ bỏ (quyền lợi, địa vị...) =to abdicate a position+ từ bỏ một địa vị =to abdicate all one\'s rights+ từ bỏ mọi quyền lợi ;  nội động từ - thoái vị, từ ngôi '),(160,'abdicates',' @abdicate /\'æbdikeit/ ','  ngoại động từ - từ bỏ (quyền lợi, địa vị...) =to abdicate a position+ từ bỏ một địa vị =to abdicate all one\'s rights+ từ bỏ mọi quyền lợi ;  nội động từ - thoái vị, từ ngôi '),(161,'abdicating',' @abdicate /\'æbdikeit/ ','  ngoại động từ - từ bỏ (quyền lợi, địa vị...) =to abdicate a position+ từ bỏ một địa vị =to abdicate all one\'s rights+ từ bỏ mọi quyền lợi ;  nội động từ - thoái vị, từ ngôi '),(162,'abdication',' @abdication /,æbdi\'keiʃn/ ','  danh từ - sự thoái vị, sự từ ngôi - sự từ bỏ (địa vị, chức vụ, quyền lợi...) '),(163,'abdications',' @abdication /,æbdi\'keiʃn/ ','  danh từ - sự thoái vị, sự từ ngôi - sự từ bỏ (địa vị, chức vụ, quyền lợi...) '),(164,'abdicator',' @abdicator /\'æbdikeitə/ (abdicant) /\'æbdikənt/ ','  danh từ - người từ bỏ - người thoái vị '),(165,'abdicators',' @abdicator /\'æbdikeitə/ (abdicant) /\'æbdikənt/ ','  danh từ - người từ bỏ - người thoái vị '),(166,'abdomen',' @abdomen /\'æbdəmen/ ','  danh từ - bụng '),(167,'abdomens',' @abdomen /\'æbdəmen/ ','  danh từ - bụng '),(168,'abdominal',' @abdominal /æb\'dɔminl/ ','  tính từ - (thuộc) bụng; ở bụng =an abdominal operation+ phẫu thuật ở bụng =abdominal cavity+ khoang bụng '),(169,'abdominally',' @abdominally ',' phó từ - (thuộc) bụng; ở bụng '),(170,'abdominous',' @abdominous /æb\'dɔminəs/ ','  tính từ - phệ bụng '),(171,'abducens',' @abducens ',' danh từ - dây thần kinh não VI ra ngoài '),(172,'abducent',' @abducent /æb\'dju:sənt/ ','  tính từ - (giải phẫu) rẽ ra, giạng ra '),(173,'abducentes',' @abducens ',' danh từ - dây thần kinh não VI ra ngoài '),(174,'abduct',' @abduct /æd\'dʌkt/ ','  ngoại động từ - bắt cóc, cuỗm đi, lừa đem đi (người đàn bà...) - (giải phẫu) rẽ ra, giạng ra '),(175,'abducted',' @abduct /æd\'dʌkt/ ','  ngoại động từ - bắt cóc, cuỗm đi, lừa đem đi (người đàn bà...) - (giải phẫu) rẽ ra, giạng ra '),(176,'abducting',' @abduct /æd\'dʌkt/ ','  ngoại động từ - bắt cóc, cuỗm đi, lừa đem đi (người đàn bà...) - (giải phẫu) rẽ ra, giạng ra '),(177,'abduction',' @abduction /æb\'dʌkʃn/ ','  danh từ - sự bắt cóc (trẻ em...), sự bắt đi, sự cuỗm đi, sự lừa đem đi - (giải phẫu) sự giạng ra '),(178,'abductions',' @abduction /æb\'dʌkʃn/ ','  danh từ - sự bắt cóc (trẻ em...), sự bắt đi, sự cuỗm đi, sự lừa đem đi - (giải phẫu) sự giạng ra '),(179,'abductor',' @abductor /æb\'dʌktə/ ','  danh từ - người bắt cóc, người cuỗm đi, người lừa đem đi - (giải phẫu) cơ giạng ((cũng) abductor muscle) '),(180,'abductors',' @abductor /æb\'dʌktə/ ','  danh từ - người bắt cóc, người cuỗm đi, người lừa đem đi - (giải phẫu) cơ giạng ((cũng) abductor muscle) '),(181,'abducts',' @abduct /æd\'dʌkt/ ','  ngoại động từ - bắt cóc, cuỗm đi, lừa đem đi (người đàn bà...) - (giải phẫu) rẽ ra, giạng ra '),(182,'abeam',' @abeam /ə\'bi:m/ ','  phó từ - (hàng hải),  (hàng không) đâm ngang sườn =abeam of us+ ngang sườn chúng tôi; sóng ngang với chúng tôi '),(183,'abearance',' @abearance ',' danh từ - phẩm hạnh = good abearance+phẩm hạnh tốt '),(184,'abecedarian',' @abecedarian /,eibi:si:\'deəriən/ ','  tính từ - sắp xếp theo thứ tự abc - sơ đẳng - dốt nát ;  danh từ - (từ Mỹ,nghĩa Mỹ) học sinh vỡ lòng '),(185,'abecedarians',' @abecedarian /,eibi:si:\'deəriən/ ','  tính từ - sắp xếp theo thứ tự abc - sơ đẳng - dốt nát ;  danh từ - (từ Mỹ,nghĩa Mỹ) học sinh vỡ lòng '),(186,'abecedaries',' @abecedaries ',' danh từ - sách vỡ lòng; sách vần - điều sơ bộ; điều sơ đẳng '),(187,'abed',' @abed /ə\'bed/ ','  phó từ - ở trên giường =to lie abed+ nằm ở trên giường '),(188,'abele',' @abele /ə\'bi:l/ ','  danh từ - (thực vật học) cây bạch dương '),(189,'abelmosk',' @abelmosk /\'eibəlmɔsk/ ','  danh từ - (thực vật học) cây vông vàng '),(190,'abend (abnormal ending)',NULL,' @abend (abnormal ending) - (Tech) kết thúc/chấm dứt bất thường '),(191,'abenteric',' @abenteric ',' tính từ - (giải phẫu) học ngoài ruột, xa ruột '),(192,'aberrance',' @aberrance /æ\'berəns/ (aberrancy) /æ\'berənsi/ ','  danh từ - sự lầm lạc - (sinh vật học) sự khác thường '),(193,'aberrances',' @aberrance /æ\'berəns/ (aberrancy) /æ\'berənsi/ ','  danh từ - sự lầm lạc - (sinh vật học) sự khác thường '),(194,'aberrancies',' @aberrancy /æ\'berəns/ (aberrancy) /æ\'berənsi/ ','  danh từ - sự lầm lạc - (sinh vật học) sự khác thường '),(195,'aberrancy',' @aberrancy /æ\'berəns/ (aberrancy) /æ\'berənsi/ ','  danh từ - sự lầm lạc - (sinh vật học) sự khác thường '),(196,'aberrant',' @aberrant /æ\'berənt/ ','  tính từ - lầm lạc - (sinh vật học) khác thường '),(197,'aberrantly',NULL,' @aberrantly - xem aberrant '),(198,'aberration',' @aberration /æ\'be\'reiʃn/ ','  danh từ - sự lầm lạc; phút lầm lạc - sự kém trí khôn, sự loạn trí - sự khác thường - (vật lý) quang sai =lateral aberration+ quang sai ngang - (thiên văn học) tính sai =secular aberration+ tính sai trường kỳ =annual aberration+ tính sai hằng năm  @aberration - (Tech) quang sai  @aberration - (vật lí) quang sai '),(199,'aberrations',' @aberration /æ\'be\'reiʃn/ ','  danh từ - sự lầm lạc; phút lầm lạc - sự kém trí khôn, sự loạn trí - sự khác thường - (vật lý) quang sai =lateral aberration+ quang sai ngang - (thiên văn học) tính sai =secular aberration+ tính sai trường kỳ =annual aberration+ tính sai hằng năm  @aberration - (Tech) quang sai  @aberration - (vật lí) quang sai '),(200,'abet',' @abet /ə\'bet/ ','  ngoại động từ - xúi bẩy, xúi giục, khích - tiếp tay (ai làm bậy) '),(201,'abetment',' @abetment /ə\'betmənt/ (abettal) /ə\'betəl/ ','  danh từ - sự xúi bẩy, sự xúi giục, sự khích - sự tiếp tay '),(202,'abets',' @abet /ə\'bet/ ','  ngoại động từ - xúi bẩy, xúi giục, khích - tiếp tay (ai làm bậy) '),(203,'abettal',' @abettal /ə\'betmənt/ (abettal) /ə\'betəl/ ','  danh từ - sự xúi bẩy, sự xúi giục, sự khích - sự tiếp tay '),(204,'abette',' @abette /ə\'betə/ (abettor) /ə\'betə/ ','  danh từ - kẻ xúi giục - kẻ tiếp tay '),(205,'abetted',' @abet /ə\'bet/ ','  ngoại động từ - xúi bẩy, xúi giục, khích - tiếp tay (ai làm bậy) '),(206,'abetter',' @abetter ',' danh từ - kẻ xúi giục - kẻ tiếp tay '),(207,'abetters',' @abetter ',' danh từ - kẻ xúi giục - kẻ tiếp tay '),(208,'abetting',' @abet /ə\'bet/ ','  ngoại động từ - xúi bẩy, xúi giục, khích - tiếp tay (ai làm bậy) '),(209,'abettor',' @abettor /ə\'betə/ (abettor) /ə\'betə/ ','  danh từ - kẻ xúi giục - kẻ tiếp tay '),(210,'abettors',' @abettor /ə\'betə/ (abettor) /ə\'betə/ ','  danh từ - kẻ xúi giục - kẻ tiếp tay '),(211,'abeyance',' @abeyance /ə\'beiəns/ ','  danh từ - sự đọng lại =work in abeyance+ công việc còn đọng lại - sự đình chỉ, sự hoãn lại, sự tạm thời không áp dụng (đạo luật...) =to be in abeyance; to fall into abeyance+ bị đình chỉ, bị hoãn lại, tạm thời không được áp dụng - (pháp lý) tình trạng tạm thời không có người nhận; tình trạng tạm thời vô chủ =lands in abeyance+ đất vô thừa nhận, đất vô chủ - tình trạng trống, tình trạng khuyết (một chức vị) '),(212,'abeyances',' @abeyance /ə\'beiəns/ ','  danh từ - sự đọng lại =work in abeyance+ công việc còn đọng lại - sự đình chỉ, sự hoãn lại, sự tạm thời không áp dụng (đạo luật...) =to be in abeyance; to fall into abeyance+ bị đình chỉ, bị hoãn lại, tạm thời không được áp dụng - (pháp lý) tình trạng tạm thời không có người nhận; tình trạng tạm thời vô chủ =lands in abeyance+ đất vô thừa nhận, đất vô chủ - tình trạng trống, tình trạng khuyết (một chức vị) '),(213,'abeyant',' @abeyant /ə\'beiənt/ ','  tính từ - tạm thời đình chỉ, tạm nghỉ hoạt động '),(214,'abhor',' @abhor /əb\'hɔ:/ ','  ngoại động từ - ghê tởm; ghét cay ghét đắng '),(215,'abhorred',' @abhor /əb\'hɔ:/ ','  ngoại động từ - ghê tởm; ghét cay ghét đắng '),(216,'abhorrence',' @abhorrence /əb\'hɔrəns/ ','  danh từ - sự ghê tởm =to have an abhorrence of+ sự ghét cay ghét đắng =to hold in abhorrence of+ ghê tởm; ghét cay ghét đắng - điều ghê tởm; cái bị ghét cay ghét đắng '),(217,'abhorrences',' @abhorrence /əb\'hɔrəns/ ','  danh từ - sự ghê tởm =to have an abhorrence of+ sự ghét cay ghét đắng =to hold in abhorrence of+ ghê tởm; ghét cay ghét đắng - điều ghê tởm; cái bị ghét cay ghét đắng '),(218,'abhorrent',' @abhorrent /əb\'hɔrənt/ ','  tính từ - ghê tởm, đáng ghét =to be abhorrent to someone+ ghê tởm đối với ai, bị ai ghê tởm, bị ai ghét cay ghét đắng - (+ from) trái với, mâu thuẫn với, không hợp với =conduct abhorrent from principles+ tư cách mâu thuẫn với phép tắc - (từ cổ,nghĩa cổ) (+ of) ghê tởm, ghét cay ghét đắng =to be abhorrent of something+ ghê tởm cái gì, ghét cay ghét đắng cái gì '),(219,'abhorrently',NULL,' @abhorrently - xem abhorrent '),(220,'abhorrer',NULL,' @abhorrer - xem abhor '),(221,'abhorrers',NULL,' @abhorrer - xem abhor '),(222,'abhorring',' @abhor /əb\'hɔ:/ ','  ngoại động từ - ghê tởm; ghét cay ghét đắng '),(223,'abhors',' @abhor /əb\'hɔ:/ ','  ngoại động từ - ghê tởm; ghét cay ghét đắng '),(224,'abidance',' @abidance /ə\'baidəns/ ','  danh từ - sự tôn trọng, sự tuân theo, sự thi hành đúng =abidance by rules+ sự tôn trọng luật lệ, sự tuân theo luật lệ - (+ in) sự tồn tại; sự kéo dài '),(225,'abide',' @abide /ə\'baid/ ','  nội động từ (abode; abode,  abide) - tồn tại; kéo dài =this mistake will not abide for ever+ sai lầm này sẽ không thể kéo dài mãi được - (+ by) tôn trọng, giữ, tuân theo, chịu theo; trung thành với =to abide by one\'s friend+ trung thành với bạn - (từ cổ,nghĩa cổ) ở, ngụ tại =to abide with somebody+ ở với ai ;  ngoại động từ - chờ, chờ đợi =to abide one\'s time+ chờ thời cơ - chịu đựng, chịu =we can\'t abide his fits of temper+ chúng tôi không thể chịu được những cơn nóng giận của hắn - chống đỡ được (cuộc tấn công) '),(226,'abided',' @abide /ə\'baid/ ','  nội động từ (abode; abode,  abide) - tồn tại; kéo dài =this mistake will not abide for ever+ sai lầm này sẽ không thể kéo dài mãi được - (+ by) tôn trọng, giữ, tuân theo, chịu theo; trung thành với =to abide by one\'s friend+ trung thành với bạn - (từ cổ,nghĩa cổ) ở, ngụ tại =to abide with somebody+ ở với ai ;  ngoại động từ - chờ, chờ đợi =to abide one\'s time+ chờ thời cơ - chịu đựng, chịu =we can\'t abide his fits of temper+ chúng tôi không thể chịu được những cơn nóng giận của hắn - chống đỡ được (cuộc tấn công) '),(227,'abider',NULL,' @abider - xem abide '),(229,'abiding',' @abiding /ə\'baidiɳ/ ','  tính từ - (văn học) không thay đổi, vĩnh cửu, tồn tại mãi mãi  @abide /ə\'baid/ ;  nội động từ (abode; abode,  abide) - tồn tại; kéo dài =this mistake will not abide for ever+ sai lầm này sẽ không thể kéo dài mãi được - (+ by) tôn trọng, giữ, tuân theo, chịu theo; trung thành với =to abide by one\'s friend+ trung thành với bạn - (từ cổ,nghĩa cổ) ở, ngụ tại =to abide with somebody+ ở với ai ;  ngoại động từ - chờ, chờ đợi =to abide one\'s time+ chờ thời cơ - chịu đựng, chịu =we can\'t abide his fits of temper+ chúng tôi không thể chịu được những cơn nóng giận của hắn - chống đỡ được (cuộc tấn công) '),(230,'abidingly',NULL,' @abidingly - xem abiding '),(231,'abience',' @abience ',' danh từ - sự tránh kích thích '),(232,'abient',' @abient ',' tính từ - tránh kích thích '),(233,'abies',' @abies ',' danh từ - (thực vật) cây linh sam '),(234,'abietene',' @abietene /\'æbiəti:n/ ','  danh từ - (hoá học) Abietin '),(235,'abigail',' @abigail /\'æbigeil/ ','  danh từ - thị tỳ, nữ tỳ '),(236,'abigails',' @abigail /\'æbigeil/ ','  danh từ - thị tỳ, nữ tỳ '),(237,'abilitate',' @abilitate /ə\'biliteit/ ','  động từ - (từ hiếm,nghĩa hiếm) (như) habiliate '),(238,'abilities',' @ability /ə\'biliti/ ','  danh từ - năng lực, khả năng (làm việc gì) - (số nhiều) tài năng, tài cán =a man of abilities+ một người tài năng ;  (pháp lý) - thẩm quyền - (thương nghiệp) khả năng thanh toán được; vốn sẵn có, nguồn vốn (để đáp ứng khi cần thiết) =to be best of one\'s ability+ với tư cách khả năng của mình  @ability - khả năng '),(239,'ability',' @ability /ə\'biliti/ ','  danh từ - năng lực, khả năng (làm việc gì) - (số nhiều) tài năng, tài cán =a man of abilities+ một người tài năng ;  (pháp lý) - thẩm quyền - (thương nghiệp) khả năng thanh toán được; vốn sẵn có, nguồn vốn (để đáp ứng khi cần thiết) =to be best of one\'s ability+ với tư cách khả năng của mình  @ability - khả năng '),(240,'Ability and earnings',NULL,' @Ability and earnings - (Econ) Năng lực và thu nhập + Thước đo về khả năng và trình độ (học vấn) có tương quan chặt chẽ với nhau, làm tăng khả năng là phần lớn lợi tức được ước tính do giáo dục trên thực tế cũng chính là lợi tức do năng  lực '),(241,'Ability to pay',NULL,' @Ability to pay - (Econ) Khả năng chi trả. '),(242,'Ability to pay theory',NULL,' @Ability to pay theory - (Econ) Lý thuyết về khả năng chi trả + Một lý thuyết về cách đánh thuế theo đó gánh nặng về thuế nên được phân bổ theo khả năng chi trả; và một hệ thống thuế kiểu luỹ tiến, tỷ lệ hay luỹ thoái, tuỳ thuộc vào thước đo được sử dụng và độ dốc giả định của đồ thị thoả dụng biên của thu nhập. '),(243,'abiogeneses',' @abiogenesis /,eibaiou\'dʤenisis/ (abiogeny) /,eibai\'ɔdʤini/ ','  danh từ - (sinh vật học) sự phát sinh tự nhiên '),(244,'abiogenesis',' @abiogenesis /,eibaiou\'dʤenisis/ (abiogeny) /,eibai\'ɔdʤini/ ','  danh từ - (sinh vật học) sự phát sinh tự nhiên '),(245,'abiogenetic',' @abiogenetic /,eibaioudʤi\'netik/ ','  tính từ - (sinh vật học) phát sinh tự nhiên '),(246,'abiogenetically',' @abiogenetically /,eibaioudʤi\'netikəli/ ','  phó từ - (sinh vật học) phát sinh tự nhiên '),(247,'abiogenist',' @abiogenist /,eibai\'ɔdʤinist/ ','  danh từ - người tin thuyết phát sinh tự nhiên '),(248,'abiogenous',' @abiogenous /,eibai\'ɔdʤiəns/ ','  tính từ - (sinh vật học) phát sinh tự nhiên '),(249,'abiogeny',' @abiogeny /,eibaiou\'dʤenisis/ (abiogeny) /,eibai\'ɔdʤini/ ','  danh từ - (sinh vật học) sự phát sinh tự nhiên '),(250,'abiological',' @abiological /,æbaiə\'lɔdʤikəl/ ','  tính từ - phi sinh vật học '),(251,'abiologically',NULL,' @abiologically - xem abiological '),(252,'abioses',NULL,' @abiosis - xem abiotic '),(253,'abioseston',' @abioseston ',' danh từ - (sinh học) chất vô cơ lơ lửng '),(254,'abiosis',NULL,' @abiosis - xem abiotic '),(255,'abiotic',' @abiotic /,æbai\'ɔtik/ ','  tính từ - vô sinh '),(256,'abiotically',NULL,' @abiotically - xem abiotic '),(257,'abiotrophic',' @abiotrophic ',' tính từ - kiệt sức sống; suy sức sống '),(258,'abirritant',' @abirritant ',' danh từ - thuốc giảm kích thích '),(259,'abirritate',' @abirritate ',' ngoại động từ - giảm kích thích '),(260,'abirritation',' @abirritation ',' danh từ - sự giảm kích thích '),(261,'abject',' @abject /\'æbdʤekt/ ','  tính từ - hèn hạ, thấp hèn, đê tiện, đáng khinh - khốn khổ, khốn nạn =in abject poverty+ nghèo rớt mồng tơi, nghèo xác nghèo xơ '),(262,'abjection',' @abjection /æb\'dʤekʃn/ ','  danh từ - sự hèn hạ, sự thấp hèn, sự đê tiện '),(263,'abjections',' @abjection /æb\'dʤekʃn/ ','  danh từ - sự hèn hạ, sự thấp hèn, sự đê tiện '),(264,'abjectly',' @abjectly ',' phó từ - hèn hạ, đê tiện - khốn khổ, khốn nạn '),(265,'abjectness',' @abjectness /\'æbdʤektnis/ ','  danh từ - sự hèn hạ, sự thấp hèn, sự đê tiện, sự đáng khinh - sự khốn khổ, sự khốn nạn '),(266,'abjudicate',' @abjudicate ',' ngoại động từ - tuyên bố từ bỏ - thề bỏ đạo '),(267,'abjuration',' @abjuration /,æbdʤuə\'reiʃn/ ','  danh từ - sự tuyên bố bỏ, sự thề bỏ - (tôn giáo) sự thề bỏ đạo, sự bội đạo '),(268,'abjurations',' @abjuration /,æbdʤuə\'reiʃn/ ','  danh từ - sự tuyên bố bỏ, sự thề bỏ - (tôn giáo) sự thề bỏ đạo, sự bội đạo '),(269,'abjure',' @abjure /əb\'dʤuə/ ','  động từ - tuyên bố bỏ, nguyện bỏ =to abjure one\'s religion+ bỏ đạo =to abjure one\'s rights+ tuyên bố từ bỏ quyền lợi của mình - rút lui (ý kiến, lời hứa...) =to abjure one\'s opinion+ rút lui ý kiến - thề bỏ (đất nước) đi mãi mãi '),(270,'abjured',' @abjure /əb\'dʤuə/ ','  động từ - tuyên bố bỏ, nguyện bỏ =to abjure one\'s religion+ bỏ đạo =to abjure one\'s rights+ tuyên bố từ bỏ quyền lợi của mình - rút lui (ý kiến, lời hứa...) =to abjure one\'s opinion+ rút lui ý kiến - thề bỏ (đất nước) đi mãi mãi '),(271,'abjurer',NULL,' @abjurer - xem abjure '),(272,'abjures',' @abjure /əb\'dʤuə/ ','  động từ - tuyên bố bỏ, nguyện bỏ =to abjure one\'s religion+ bỏ đạo =to abjure one\'s rights+ tuyên bố từ bỏ quyền lợi của mình - rút lui (ý kiến, lời hứa...) =to abjure one\'s opinion+ rút lui ý kiến - thề bỏ (đất nước) đi mãi mãi '),(273,'abjuring',' @abjure /əb\'dʤuə/ ','  động từ - tuyên bố bỏ, nguyện bỏ =to abjure one\'s religion+ bỏ đạo =to abjure one\'s rights+ tuyên bố từ bỏ quyền lợi của mình - rút lui (ý kiến, lời hứa...) =to abjure one\'s opinion+ rút lui ý kiến - thề bỏ (đất nước) đi mãi mãi '),(274,'ablactation',' @ablactation /,æblæk\'teiʃn/ ','  danh từ - sự cai sữa - sự cạn sữa '),(275,'ablastous',' @ablastous ',' tính từ - (thực vật) không mầm '),(276,'ablate',' @ablate /æb\'leit/ ','  ngoại động từ - (y học) cắt bỏ '),(277,'ablated',' @ablate /æb\'leit/ ','  ngoại động từ - (y học) cắt bỏ '),(278,'ablates',' @ablate /æb\'leit/ ','  ngoại động từ - (y học) cắt bỏ '),(279,'ablating',' @ablate /æb\'leit/ ','  ngoại động từ - (y học) cắt bỏ '),(280,'ablation',' @ablation /æb\'leʃn/ ','  danh từ - (y học) sự cắt bỏ (một bộ phận trong cơ thể) - (địa lý,địa chất) sự tải mòn (đá) - (địa lý,địa chất) sự tiêu mòn (sông băng) '),(281,'ablations',' @ablation /æb\'leʃn/ ','  danh từ - (y học) sự cắt bỏ (một bộ phận trong cơ thể) - (địa lý,địa chất) sự tải mòn (đá) - (địa lý,địa chất) sự tiêu mòn (sông băng) '),(282,'ablative',' @ablative /\'æblətiv/ ','  tính từ - (ngôn ngữ học) (thuộc) cách công cụ ;  danh từ - (ngôn ngữ học) cách công cụ '),(283,'ablatives',' @ablative /\'æblətiv/ ','  tính từ - (ngôn ngữ học) (thuộc) cách công cụ ; danh từ - (ngôn ngữ học) cách công cụ '),(284,'ablaut',' @ablaut /\'æblaut/ ','  danh từ - (ngôn ngữ học) Aplau '),(285,'ablaze',' @ablaze /ə\'bleiz/ ','  tính từ &amp; phó từ - rực cháy, bốc cháy - sáng chói lọi - bừng bừng, rừng rực =ablaze with anger+ bừng bừng nổi giận '),(286,'able',' @able /\'eibl/ ','  tính từ - có năng lực, có tài =an able co-op manager+ một chủ nhiệm hợp tác xã có năng lực =an able writer+ một nhà văn có tài =to be able to+ có thể =to be able to do something+ có thể làm được việc gì - (pháp lý) có đủ tư cách, có đủ thẩm quyền '),(287,'able-bodied',' @able-bodied /\'eibl\'bɔdid/ ','  tính từ - khoẻ mạnh; đủ tiêu chuẩn sức khoẻ (làm nghĩa vụ quân sự) =able-bodied seaman+ ((viết tắt) A.B.) thuỷ thủ hạng nhất '),(288,'able seaman',' @able seaman ',' danh từ - (vt là AB) thủy thủ hạng nhất '),(289,'ablegate',' @ablegate ',' danh từ - đại sứ giáo hoàng '),(290,'ablen',' @ablen /\'æblin/ (ablet) /\'æblit/ ','  danh từ - (động vật học) cá aplet, cá vảy bạc (họ cá chép) '),(291,'ableness',' @ableness ',' danh từ - năng lực, tài năng - sự cường tráng '),(292,'ablepsia',' @ablepsia ',' danh từ - tật mù; chứng mù '),(293,'abler',' @able /\'eibl/ ','  tính từ - có năng lực, có tài =an able co-op manager+ một chủ nhiệm hợp tác xã có năng lực =an able writer+ một nhà văn có tài =to be able to+ có thể =to be able to do something+ có thể làm được việc gì - (pháp lý) có đủ tư cách, có đủ thẩm quyền '),(294,'ablest',' @able /\'eibl/ ','  tính từ - có năng lực, có tài =an able co-op manager+ một chủ nhiệm hợp tác xã có năng lực =an able writer+ một nhà văn có tài =to be able to+ có thể =to be able to do something+ có thể làm được việc gì - (pháp lý) có đủ tư cách, có đủ thẩm quyền '),(295,'ablet',' @ablet /\'æblin/ (ablet) /\'æblit/ ','  danh từ - (động vật học) cá aplet, cá vảy bạc (họ cá chép) '),(296,'ablings',' @ablings /\'eibliɳz/ (ablins) /\'eiblinz/ ','  phó từ - (Ê-cốt) có lẽ, có thể '),(297,'ablins',' @ablins /\'eibliɳz/ (ablins) /\'eiblinz/ ','  phó từ - (Ê-cốt) có lẽ, có thể '),(298,'abloom',' @abloom /ə\'blu:m/ ','  tính từ &amp; phó từ - đang nở (ra) hoa '),(299,'abluent',' @abluent /\'æbluənt/ ','  tính từ - rửa sạch, tẩy sạch ; danh từ - chất tẩy, thuốc tẩy '),(300,'ablush',' @ablush /ə\'blʌʃ/ ','  tính từ &amp; phó từ - thẹn đỏ mặt '),(301,'ablution',' @ablution /ə\'blu:ʃn/ ','  danh từ,  (thường) số nhiều - (tôn giáo) lễ rửa tội; lễ tắm gội; lễ rửa sạch các đồ thờ - (tôn giáo) nước tắm gội; nước rửa đồ thờ - ((thường) số nhiều) sự tắm gội, sự rửa ráy '),(302,'ablutionary',NULL,' @ablutionary - xem ablution '),(303,'ablutions',' @ablution /ə\'blu:ʃn/ ','  danh từ,  (thường) số nhiều - (tôn giáo) lễ rửa tội; lễ tắm gội; lễ rửa sạch các đồ thờ - (tôn giáo) nước tắm gội; nước rửa đồ thờ - ((thường) số nhiều) sự tắm gội, sự rửa ráy '),(304,'ably',' @ably /\'eibli/ ','  phó từ - có khả năng, có tài, khéo léo, tài tình '),(305,'abm',NULL,' @abm - (vt của anti-ballistic missile) tên lửa chống tên lửa đạn đạo '),(306,'abnegate',' @abnegate /\'æbnigeit/ ','  ngoại động từ - nhịn (cái gì) - bỏ (đạo) - từ bỏ (quyền lợi...); từ chối không nhận (đặc quyền...) '),(307,'abnegated',' @abnegate /\'æbnigeit/ ','  ngoại động từ - nhịn (cái gì) - bỏ (đạo) - từ bỏ (quyền lợi...); từ chối không nhận (đặc quyền...) '),(308,'abnegates',' @abnegate /\'æbnigeit/ ','  ngoại động từ - nhịn (cái gì) - bỏ (đạo) - từ bỏ (quyền lợi...); từ chối không nhận (đặc quyền...) '),(309,'abnegating',' @abnegate /\'æbnigeit/ ','  ngoại động từ - nhịn (cái gì) - bỏ (đạo) - từ bỏ (quyền lợi...); từ chối không nhận (đặc quyền...) '),(310,'abnegation',' @abnegation /,æbni\'geiʃn/ ','  danh từ - sự bỏ (đạo...); sự từ bỏ (quyền lợi); sự từ chối không nhận (đặc quyền...) - sự quên mình, sự hy sinh, sự xả thân ((thường) self abnegation) '),(311,'abnegations',' @abnegation /,æbni\'geiʃn/ ','  danh từ - sự bỏ (đạo...); sự từ bỏ (quyền lợi); sự từ chối không nhận (đặc quyền...) - sự quên mình, sự hy sinh, sự xả thân ((thường) self abnegation) '),(312,'abnegator',NULL,' @abnegator - xem abnegate '),(313,'abnegators',NULL,' @abnegator - xem abnegate '),(314,'abnormal',' @abnormal /æb\'nɔ:məl/ ','  tính từ - không bình thường, khác thường; dị thường  @abnormal - (Tech) bất thường, dị thường; không chuẩn  @abnormal - bất thường; (thống kê) không chuẩn '),(315,'abnormal end (ABEND)',NULL,' @abnormal end (ABEND) - (Tech) kết thúc bất thường '),(316,'abnormal end of task',NULL,' @abnormal end of task - (Tech) kết thúc bất thường (một) nhiệm vụ '),(317,'abnormal end of transmission',NULL,' @abnormal end of transmission - (Tech) kết thúc truyền bất thường '),(318,'abnormal function',NULL,' @abnormal function - (Tech) chức năng/hàm số bất thường '),(319,'Abnormal profits',NULL,' @Abnormal profits - (Econ) Lợi nhuận dị thường + Xem SUPER-NORMAL PROFITS '),(320,'abnormal propagation',NULL,' @abnormal propagation - (Tech) truyền lan bất thường '),(321,'abnormal reflection',NULL,' @abnormal reflection - (Tech) phản xạ bất thường '),(322,'abnormal refraction',NULL,' @abnormal refraction - (Tech) khúc xạ bất thường '),(323,'abnormal return address',NULL,' @abnormal return address - (Tech) địa chỉ hồi báo bất thường '),(324,'abnormal status',NULL,' @abnormal status - (Tech) trạng thái bất thường '),(325,'abnormal termination',NULL,' @abnormal termination - (Tech) cắt dứt bất thường '),(326,'abnormalcy',' @abnormalcy /æb\'nɔ:məlsi/ (abnormality) /æbnɔ:\'mæliti/ (abnormity) /æb\'nɔ:miti/ ','  danh từ - sự không bình thường, sự khác thường; sự dị thường - vật kỳ quái, quái vật '),(327,'abnormalities',' @abnormality /æb\'nɔ:məlsi/ (abnormality) /æbnɔ:\'mæliti/ (abnormity) /æb\'nɔ:miti/ ','  danh từ - sự không bình thường, sự khác thường; sự dị thường - vật kỳ quái, quái vật '),(328,'abnormality',' @abnormality /æb\'nɔ:məlsi/ (abnormality) /æbnɔ:\'mæliti/ (abnormity) /æb\'nɔ:miti/ ','  danh từ - sự không bình thường, sự khác thường; sự dị thường - vật kỳ quái, quái vật '),(329,'abnormally',' @abnormally ',' phó từ - dị thường, khác thường '),(330,'abnormities',' @abnormity /æb\'nɔ:məlsi/ (abnormality) /æbnɔ:\'mæliti/ (abnormity) /æb\'nɔ:miti/ ','  danh từ - sự không bình thường, sự khác thường; sự dị thường - vật kỳ quái, quái vật '),(331,'abnormity',' @abnormity /æb\'nɔ:məlsi/ (abnormality) /æbnɔ:\'mæliti/ (abnormity) /æb\'nɔ:miti/ ','  danh từ - sự không bình thường, sự khác thường; sự dị thường - vật kỳ quái, quái vật '),(332,'abo',' @abo ',' danh từ - thổ dân (Uc, lóng, sỉ nhục) '),(333,'aboard',' @aboard /ə\'bɔ:d/ ','  phó từ - trên tàu, trên boong tàu, trên thuyền, trên xe lửa; trên máy bay =to go aboard+ lên tàu, lên boong - dọc theo; gần, kế =close (hard) aboard+ nằm kế sát =to keep the land aboard+ đi dọc theo bờ =all aboard!+ đề nghị mọi người lên tàu! =to fall aboard of a ship+ va phải một chiếc tàu khác ;  giới từ - lên trên (tàu thuỷ, xe lửa, máy bay...) =to go aboard a ship+ lên tàu =to travel aboard a special train+ đi du lịch trên một chuyến xe lửa đặc biệt '),(334,'abode',' @abode /ə\'boud/ ','  danh từ - nơi ở =to take up (make) one\'s abode+ ở =of no fixed abode+ không có chỗ ở nhất định - sự ở lại, sự lưu lại ;  thời quá khứ &amp; động tính từ quá khứ của abide  @abide /ə\'baid/ ;  nội động từ (abode; abode,  abide) - tồn tại; kéo dài =this mistake will not abide for ever+ sai lầm này sẽ không thể kéo dài mãi được - (+ by) tôn trọng, giữ, tuân theo, chịu theo; trung thành với =to abide by one\'s friend+ trung thành với bạn - (từ cổ,nghĩa cổ) ở, ngụ tại =to abide with somebody+ ở với ai ;  ngoại động từ - chờ, chờ đợi =to abide one\'s time+ chờ thời cơ - chịu đựng, chịu =we can\'t abide his fits of temper+ chúng tôi không thể chịu được những cơn nóng giận của hắn - chống đỡ được (cuộc tấn công) '),(335,'abodes',' @abode /ə\'boud/ ','  danh từ - nơi ở =to take up (make) one\'s abode+ ở =of no fixed abode+ không có chỗ ở nhất định - sự ở lại, sự lưu lại ;  thời quá khứ &amp; động tính từ quá khứ của abide '),(336,'abohm',NULL,' @abohm - (Tech) abôm (1 abôm = 10 lũy thừa -9 ôm) '),(337,'aboil',' @aboil /ə\'bɔil/ ','  tính từ &amp; phó từ - đang sôi '),(338,'abolish',' @abolish /ə\'bɔliʃ/ ','  ngoại động từ - thủ tiêu, bãi bỏ, huỷ bỏ =to abolish the exploitation of man by man+ thủ tiêu chế độ người bóc lột người =to abolish acontract+ huỷ bỏ một bản giao kèo '),(339,'abolishable',' @abolishable /ə\'bɔliʃəbl/ ','  tính từ - có thể thủ tiêu, có thể bãi bỏ, có thể huỷ bỏ '),(340,'abolished',' @abolish /ə\'bɔliʃ/ ','  ngoại động từ - thủ tiêu, bãi bỏ, huỷ bỏ =to abolish the exploitation of man by man+ thủ tiêu chế độ người bóc lột người =to abolish acontract+ huỷ bỏ một bản giao kèo '),(341,'abolisher',' @abolisher /ə\'bɔliʃə/ ','  danh từ - người thủ tiêu, người bãi bỏ, người huỷ bỏ '),(342,'abolishers',' @abolisher /ə\'bɔliʃə/ ','  danh từ - người thủ tiêu, người bãi bỏ, người huỷ bỏ '),(343,'abolishes',' @abolish /ə\'bɔliʃ/ ','  ngoại động từ - thủ tiêu, bãi bỏ, huỷ bỏ =to abolish the exploitation of man by man+ thủ tiêu chế độ người bóc lột người =to abolish acontract+ huỷ bỏ một bản giao kèo '),(344,'abolishing',' @abolish /ə\'bɔliʃ/ ','  ngoại động từ - thủ tiêu, bãi bỏ, huỷ bỏ =to abolish the exploitation of man by man+ thủ tiêu chế độ người bóc lột người =to abolish acontract+ huỷ bỏ một bản giao kèo '),(345,'abolishment',' @abolishment /ə\'bɔliʃmənt/ ','  danh từ - sự thủ tiêu, sự bãi bỏ, sự huỷ bỏ '),(346,'abolition',' @abolition /,æbə\'liʃn/ ','  danh từ - sự thủ tiêu, sự bãi bỏ, sự huỷ bỏ =abolition of taxes+ sự bãi bỏ thuế =abolition of slavery+ sự thủ tiêu chế độ nô lệ '),(347,'abolitionary',NULL,' @abolitionary - xem abolition '),(348,'abolitionise',' @abolitionise /,æbə\'liʃənaiz/ (abolitionise) /,æbə\'liʃənaiz/ ','  ngoại động từ - (từ Mỹ,nghĩa Mỹ) làm cho theo chủ nghĩa bãi nô '),(349,'abolitionism',' @abolitionism /,æbə\'liʃənizm/ ','  danh từ - (sử học) chủ nghĩa bãi nô '),(350,'abolitionist',' @abolitionist /,æbə\'liʃənist/ ','  danh từ - người theo chủ nghĩa bãi nô '),(351,'abolitionists',' @abolitionist /,æbə\'liʃənist/ ','  danh từ - người theo chủ nghĩa bãi nô '),(352,'abolitionize',' @abolitionize /,æbə\'liʃənaiz/ (abolitionise) /,æbə\'liʃənaiz/ ','  ngoại động từ - (từ Mỹ,nghĩa Mỹ) làm cho theo chủ nghĩa bãi nô '),(353,'abolitions',' @abolition /,æbə\'liʃn/ ','  danh từ - sự thủ tiêu, sự bãi bỏ, sự huỷ bỏ =abolition of taxes+ sự bãi bỏ thuế =abolition of slavery+ sự thủ tiêu chế độ nô lệ '),(354,'abomasa',' @abomasum ',' danh từ - dạ múi khế túi (động vật nhai lại) '),(355,'abomasum',' @abomasum ',' danh từ - dạ múi khế túi (động vật nhai lại) '),(356,'abominable',' @abominable /ə\'bɔminəbl/ ','  tính từ - ghê tởm, kinh tởm =an abominable crime tội ác ghê tởm+ (thông tục) tồi, tồi tệ, rất xấu =abominable weather+ thời tiết rất xấu =an abominable meal+ bữa cơm tồi '),(357,'abominable snowman',' @abominable snowman ',' danh từ - người tuyết (tương truyền là động vật to cao) '),(358,'abominableness',' @abominableness /ə\'bɔminəblnis/ ','  danh từ - sự ghê tởm, sự kinh tởm - (thông tục) sự tồi tệ '),(359,'abominably',' @abominably ',' phó từ - một cách đáng ghê tởm '),(360,'abominate',' @abominate /ə\'bɔmineit/ ','  ngoại động từ - ghê tởm; ghét cay ghét đắng - (thông tục) không ưa, ghét mặt ;  tính từ - (thơ ca) ghê tởm, kinh tởm '),(361,'abominated',' @abominate /ə\'bɔmineit/ ','  ngoại động từ - ghê tởm; ghét cay ghét đắng - (thông tục) không ưa, ghét mặt ;  tính từ - (thơ ca) ghê tởm, kinh tởm '),(362,'abominates',' @abominate /ə\'bɔmineit/ ','  ngoại động từ - ghê tởm; ghét cay ghét đắng - (thông tục) không ưa, ghét mặt ;  tính từ - (thơ ca) ghê tởm, kinh tởm '),(363,'abominating',' @abominate /ə\'bɔmineit/ ','  ngoại động từ - ghê tởm; ghét cay ghét đắng - (thông tục) không ưa, ghét mặt ;  tính từ - (thơ ca) ghê tởm, kinh tởm '),(364,'abomination',' @abomination /ə,bɔmi\'neiʃn/ ','  danh từ - sự ghê tởm, sự kinh tởm; sự ghét cay ghét đắng =to hold something in abomination+ ghê tởm cái gì - vật kinh tởm; việc ghê tởm; hành động đáng ghét '),(365,'abominations',' @abomination /ə,bɔmi\'neiʃn/ ','  danh từ - sự ghê tởm, sự kinh tởm; sự ghét cay ghét đắng =to hold something in abomination+ ghê tởm cái gì - vật kinh tởm; việc ghê tởm; hành động đáng ghét '),(366,'abominator',NULL,' @abominator - xem abominate '),(367,'abominators',NULL,' @abominator - xem abominate '),(368,'abonent',NULL,' @abonent - (Tech) người thuê bao; người dùng đầu cuối '),(369,'aboral',' @aboral ',' tính từ - (sinh học) xa miệng; đối miệng '),(370,'aboriginal',' @aboriginal /,æbə\'ridʤənl/ ','  tính từ - (thuộc) thổ dân; (thuộc) thổ sản, (thuộc) đặc sản =the aboriginal inhabitants of a country+ thổ dân của một nước =tea is an aboriginal product of Phutho+ chè là một đặc sản của Phú thọ - ban sơ, nguyên thuỷ, cổ sơ ;  danh từ - thổ dân - (từ hiếm,nghĩa hiếm) thổ sản '),(371,'aboriginality',' @aboriginality ',' danh từ - đặc điểm nguyên sơ - tính thuần phát '),(372,'aboriginally',NULL,' @aboriginally - xem aboriginal '),(373,'aborigines',' @aborigines /,æbə\'ridʤini:z/ ','  danh từ số nhiều - thổ dân =Indians are the aborigines of America+ người da đỏ là thổ dân của châu Mỹ - thổ sản '),(374,'abort',' @abort /ə\'bɔ:t/ ','  nội động từ - sẩy thai; đẻ non ((nghĩa đen) &amp; (nghĩa bóng)) - (sinh vật học) không phát triển, thui ;  ngoại động từ - làm sẩy thai, phá thai  @abort - (Tech) hủy bỏ, ngưng nửa chừng, bỏ dở '),(375,'aborted',' @aborted /ə\'bɔ:tid/ ','  tính từ - bị sẩy (thai) - (sinh vật học) không phát triển, thui  @abort /ə\'bɔ:t/ ;  nội động từ - sẩy thai; đẻ non ((nghĩa đen) &amp; (nghĩa bóng)) - (sinh vật học) không phát triển, thui ;  ngoại động từ - làm sẩy thai, phá thai  @abort - (Tech) hủy bỏ, ngưng nửa chừng, bỏ dở '),(376,'aborticide',' @aborticide /ə\'bɔ:tisaid/ ','  danh từ - thuốc giết thai '),(377,'abortifacient',' @abortifacient /ə\'bɔ:ti\'feiʃənt/ ','  tính từ - phá thai, làm sẩy thai ;  danh từ - thuốc phá thai '),(378,'abortifacients',' @abortifacient /ə\'bɔ:ti\'feiʃənt/ ','  tính từ - phá thai, làm sẩy thai ;  danh từ - thuốc phá thai '),(379,'abortin',' @abortin ',' danh từ - chất sẩy thai; abotin '),(380,'aborting',' @abort /ə\'bɔ:t/ ','  nội động từ - sẩy thai; đẻ non ((nghĩa đen) &amp; (nghĩa bóng)) - (sinh vật học) không phát triển, thui ;  ngoại động từ - làm sẩy thai, phá thai  @abort - (Tech) hủy bỏ, ngưng nửa chừng, bỏ dở '),(381,'abortion',' @abortion /ə\'bɔ:ʃn/ ','  danh từ - sự sẩy thai, sự phá thai; sự nạo thai - người lùn tịt; đứa bé đẻ non, vật đẻ non; vật dị dạng, quái thai - sự chết non chết yểu, sự sớm thất bại (của một kế hoạch, ý đồ...) - (sinh vật học) tình trạng phát triển không đầy đủ '),(382,'abortion mechanism',NULL,' @abortion mechanism - (Tech) cơ năng bỏ dở '),(383,'abortionist',' @abortionist /ə\'bɔ:ʃənist/ ','  danh từ - người phá thai '),(384,'abortionists',' @abortionist /ə\'bɔ:ʃənist/ ','  danh từ - người phá thai '),(385,'abortions',' @abortion /ə\'bɔ:ʃn/ ','  danh từ - sự sẩy thai, sự phá thai; sự nạo thai - người lùn tịt; đứa bé đẻ non, vật đẻ non; vật dị dạng, quái thai - sự chết non chết yểu, sự sớm thất bại (của một kế hoạch, ý đồ...) - (sinh vật học) tình trạng phát triển không đầy đủ '),(386,'abortive',' @abortive /ə\'bɔ:tiv/ ','  tính từ - đẻ non =an abortive child+ đứa bé đẻ non - non yếu, chết non chết yểu; sớm thất bại =an abortive plan+ một kế hoạch sớm thất bại - (sinh vật học) không phát triển đầy đủ =an abortive organ+ một cơ quan không phát triển đầy đủ  @abortive - (Tech) bỏ dở '),(387,'abortive subexit',NULL,' @abortive subexit - (Tech) lối thoát phụ khi bỏ dở '),(388,'abortively',' @abortively ',' phó từ - non yểu '),(389,'abortiveness',' @abortiveness /ə\'bɔ:tivnis/ ','  danh từ - sự đẻ non - sự non yếu, sự chết non chết yểu - (sinh vật học) sự không phát triển đầy đủ '),(390,'aborts',' @abort /ə\'bɔ:t/ ','  nội động từ - sẩy thai; đẻ non ((nghĩa đen) &amp; (nghĩa bóng)) - (sinh vật học) không phát triển, thui ;  ngoại động từ - làm sẩy thai, phá thai  @abort - (Tech) hủy bỏ, ngưng nửa chừng, bỏ dở '),(391,'aboulia',' @aboulia /ə\'bauliə/ (abulia) /ə\'bu:ljə/ ','  danh từ - (y học) chứng mất ý chí '),(392,'abound',' @abound /ə\'baund/ ','  nội động từ - (+ in,  with) có rất nhiều, có thừa, nhan nhản, lúc nhúc, đầy dẫy =coal abounds in our country+ than đá có rất nhiều ở nước ta =to abound in courage+ có thừa can đảm '),(393,'abounded',' @abound /ə\'baund/ ','  nội động từ - (+ in,  with) có rất nhiều, có thừa, nhan nhản, lúc nhúc, đầy dẫy =coal abounds in our country+ than đá có rất nhiều ở nước ta =to abound in courage+ có thừa can đảm '),(394,'abounding',' @abounding /ə\'baundiɳ/ ','  tính từ - nhiều, phong phú, thừa thãi  @abound /ə\'baund/ ;  nội động từ - (+ in,  with) có rất nhiều, có thừa, nhan nhản, lúc nhúc, đầy dẫy =coal abounds in our country+ than đá có rất nhiều ở nước ta =to abound in courage+ có thừa can đảm '),(395,'abounds',' @abound /ə\'baund/ ','  nội động từ - (+ in,  with) có rất nhiều, có thừa, nhan nhản, lúc nhúc, đầy dẫy =coal abounds in our country+ than đá có rất nhiều ở nước ta =to abound in courage+ có thừa can đảm '),(396,'about',' @about /ə\'baut/ ','  phó từ - xung quanh, quanh quẩn, đây đó, rải rác =he is somewhere about+ anh ta ở quanh quẩn đâu đó =rumours are about+ đây đó có tiếng đồn (về việc gì) - đằng sau =about turn!+ đằng sau quay - khoảng chừng, gần =about forty+ khoảng 40 =it is about two o\'clock+ bây giờ khoảng chừng hai giờ - vòng =to go a long way about+ đi đường vòng xa !about and about - (từ Mỹ,nghĩa Mỹ) rất giống nhau !to be about - bận (làm gì) - đã dậy được (sau khi ốm) - có mặt !about right - đúng, đúng đắn - tốt, được ;  giới từ - về =to know much about Vietnam+ biết nhiều về Việt Nam =what shall we write about?+ chúng ta sẽ viết về cái gì bây giờ? - quanh quất, quanh quẩn đây đó, rải rác =to walk about the garden+ đi quanh quẩn trong vườn - xung quanh =the trees about the pound+ cây cối xung quanh ao - khoảng chừng, vào khoảng =about nightfall+ vào khoảng chập tối - bận, đang làm (gì...) =he is still about it+ hắn hãy còn bận làm việc đó =to go about one\'s work+ đi làm - ở (ai); trong người (ai), theo với (ai) =I have all the documents about me+ tôi có mang theo đầy đủ tài liệu =there\'s something nice about him+ ở anh ta có một cái gì đó hay hay !to be about to - sắp, sắp sửa =the train is about to start+ xe lửa sắp khởi hành =man about town+ tay ăn chơi, tay giao thiệp rộng =what are you about?+ anh muốn gì?, anh cần gì? - (từ hiếm,nghĩa hiếm) anh đang làm gì đấy? !what about? - (xem) what ;  ngoại động từ - lái (thuyền...) theo hướng khác  @about - độ, chừng; xung quanh; nói về, đối với - a.five per cent chừng trăm phần trăm '),(397,'about...',NULL,' @about... - (Tech) về... '),(398,'about-face',' @about-face /ə\'bautfeis/ ','  danh từ - (quân sự) sự quay đằng sau - sự trở mặt, sự thay đổi hẳn thái độ, sự thay đổi hẳn ý kiến ;  nội động từ - (quân sự) quay đằng sau '),(399,'about-sledge',' @about-sledge /ə\'baut,sledʤ/ ','  danh từ - (kỹ thuật) búa tạ '),(400,'about-turn',' @about-turn ',' danh từ - sự thay đổi ý kiến, sự đổi ý '),(401,'above',' @above /ə\'bʌv/ ','  phó từ - trên đầu, trên đỉnh đầu =clouds are drifting above+ mây đang bay trên đỉnh đầu - ở trên =as was started above+ như đã nói rõ ở trên =as was remarked above+ như đã nhận xét ở trên - trên thiên đường - lên trên; ngược dòng (sông); lên gác =a staircase leading above+ cầu thang lên gác =you will find a bridge above+ đi ngược dòng sông anh sẽ thấy một cái cầu - trên, hơn =they were all men of fifty and above+ họ tất cả đều năm mươi và trên năm mươi tuổi =over and above+ hơn nữa, vả lại, ngoài ra ;  giới từ - ở trên =the plane was above the clouds+ máy bay ở trên mây - quá, vượt, cao hơn =this work is above my capacity+ công việc này quá khả năng tôi =he is above all the other boys in his class+ nó vượt tất cả những đứa trẻ khác trong lớp - trên, hơn =to value independence and freedom above all+ quý độc lập và tự do hơn tất cả =above all+ trước hết là, trước nhất là, trước tiên là !above oneself - lên mặt - phởn, bốc =to keep one\'s head above water+ giữ cho mình được an toàn; giữ khỏi mang công mắc nợ ;  tính từ - ở trên, kể trên, nói trên =the above facts+ những sự việc kể trên =the above statements+ những lời phát biểu ở trên ;  danh từ - the above cái ở trên; điều kể trên; điều nói trên  @above - ở trên, cao hơn '),(402,'above-board',' @above-board /ə\'bʌv\'bɔ:d/ ','  tính từ &amp; phó từ - thẳng thắn, không che đậy, không giấu giếm '),(403,'above-cited',' @above-cited ',' tính từ - đã dẫn, đã nhắc đến '),(404,'above-ground',' @above-ground /ə\'bʌv,graund/ ','  tính từ - ở trên mặt đất - còn sống trên đời ;  phó từ - ở trên mặt đất - lúc còn sống ở trên đời '),(405,'above-mentioned',' @above-mentioned /ə\'bʌv\'menʃnd/ ','  tính từ - kể trên, nói trên '),(406,'above-named',' @above-named ',' tính từ - đã nói ở trên '),(407,'aboveboard',' @aboveboard ',' tính từ, adv - thẳng thắn, không che đậy, không giấu giếm '),(408,'aboveground',' @aboveground ',' tính từ - ở trên mặt đất - còn sống trên đời ; phó từ - ở trên mặt đất - lúc còn sống ở trên đời '),(409,'abovementioned',' @abovementioned ',' tính từ - kể trên, nói trên '),(410,'abracadabra',' @abracadabra /,æbrəkə\'dæbrə/ ','  danh từ - câu thần chú - lời nói khó hiểu '),(411,'abrachia',' @abrachia ',' danh từ - tật thiếu tay '),(412,'abrachiate',' @abrachiate ',' tính từ - thiếu tay '),(413,'abrachius',' @abrachius ',' danh từ - quái thai không tay '),(414,'abradant',' @abradant /ə\'breidənt/ ','  tính từ - làm mòn, mài mòn ; danh từ - chất mài mòn '),(415,'abradants',' @abradant /ə\'breidənt/ ','  tính từ - làm mòn, mài mòn ;  danh từ - chất mài mòn '),(416,'abrade',' @abrade /ə\'breid/ ','  ngoại động từ - làm trầy (da); cọ xơ ra - (kỹ thuật) mài mòn '),(417,'abraded',' @abrade /ə\'breid/ ','  ngoại động từ - làm trầy (da); cọ xơ ra - (kỹ thuật) mài mòn '),(418,'abrades',' @abrade /ə\'breid/ ','  ngoại động từ - làm trầy (da); cọ xơ ra - (kỹ thuật) mài mòn '),(419,'abrading',' @abrade /ə\'breid/ ','  ngoại động từ - làm trầy (da); cọ xơ ra - (kỹ thuật) mài mòn '),(420,'abranchial',' @abranchial /ə\'bræɳkiəl/ (abranchiate) /ə\'bræɳkiit/ ','  tính từ - (động vật học) không mang '),(421,'abranchiate',' @abranchiate /ə\'bræɳkiəl/ (abranchiate) /ə\'bræɳkiit/ ','  tính từ - (động vật học) không mang '),(422,'abrase',' @abrase ',' ngoại động từ - cắt mất '),(423,'abrasion',' @abrasion /ə\'breiʤn/ ','  danh từ - sự làm trầy (da); sự cọ xơ ra; chỗ bị trầy da - (địa lý,địa chất),  (kỹ thuật) sự mài mòn '),(424,'abrasions',' @abrasion /ə\'breiʤn/ ','  danh từ - sự làm trầy (da); sự cọ xơ ra; chỗ bị trầy da - (địa lý,địa chất),  (kỹ thuật) sự mài mòn '),(425,'abrasive',' @abrasive /ə\'breisiv/ ','  tính từ - làm trầy (da) - để cọ xơ ra - để mài mòn ;  danh từ - chất mài mòn '),(426,'abrasives',' @abrasive /ə\'breisiv/ ','  tính từ - làm trầy (da) - để cọ xơ ra - để mài mòn ;  danh từ - chất mài mòn '),(427,'abreact',' @abreact ',' ngoại động từ - giải toả mặc cảm '),(428,'abreacted',' @abreact ',' ngoại động từ - giải toả mặc cảm '),(429,'abreacting',' @abreact ',' ngoại động từ - giải toả mặc cảm '),(430,'abreaction',' @abreaction ',' danh từ - (y học) sự giải toả mặc cảm '),(431,'abreacts',' @abreact ',' ngoại động từ - giải toả mặc cảm '),(432,'abreast',' @abreast /ə\'brest/ ','  phó từ - cùng hàng, sóng hàng, ngang nhau; sát nhau, sát vai, bên cạnh =to walk abreast+ đi sóng hàng với nhau =abreast the times+ theo kịp thời đại !to keep abreast of (with) - (xem) keep '),(433,'abrego',' @abrego ',' danh từ - (động vật) cá ngừ vây dài '),(434,'abridge',' @abridge /ə\'bridʤ/ ','  ngoại động từ - rút ngắn lại, cô gọn, tóm tắt - hạn chế, giảm bớt (quyền...) - lấy, tước =to abridge somebody of his rights+ tước quyền lợi của ai  @abridge - rút gọn, làm tắt '),(435,'abridged',' @abridge /ə\'bridʤ/ ','  ngoại động từ - rút ngắn lại, cô gọn, tóm tắt - hạn chế, giảm bớt (quyền...) - lấy, tước =to abridge somebody of his rights+ tước quyền lợi của ai  @abridge - rút gọn, làm tắt '),(436,'abridgement',' @abridgement /ə\'bridʤmənt/ (abridgement) /ə\'bridʤmənt/ ','  danh từ - sự rút ngắn, sự cô gọn, sự tóm tắt; bài tóm tắt sách, sách tóm tắt - sự hạn chế, sự giảm bớt '),(437,'abridgements',' @abridgement /ə\'bridʤmənt/ (abridgement) /ə\'bridʤmənt/ ','  danh từ - sự rút ngắn, sự cô gọn, sự tóm tắt; bài tóm tắt sách, sách tóm tắt - sự hạn chế, sự giảm bớt '),(438,'abridger',NULL,' @abridger - xem abridge '),(439,'abridges',' @abridge /ə\'bridʤ/ ','  ngoại động từ - rút ngắn lại, cô gọn, tóm tắt - hạn chế, giảm bớt (quyền...) - lấy, tước =to abridge somebody of his rights+ tước quyền lợi của ai  @abridge - rút gọn, làm tắt '),(440,'abridging',' @abridge /ə\'bridʤ/ ','  ngoại động từ - rút ngắn lại, cô gọn, tóm tắt - hạn chế, giảm bớt (quyền...) - lấy, tước =to abridge somebody of his rights+ tước quyền lợi của ai  @abridge - rút gọn, làm tắt '),(441,'abridgment',' @abridgment /ə\'bridʤmənt/ (abridgement) /ə\'bridʤmənt/ ','  danh từ - sự rút ngắn, sự cô gọn, sự tóm tắt; bài tóm tắt sách, sách tóm tắt - sự hạn chế, sự giảm bớt '),(442,'abridgments',' @abridgment /ə\'bridʤmənt/ (abridgement) /ə\'bridʤmənt/ ','  danh từ - sự rút ngắn, sự cô gọn, sự tóm tắt; bài tóm tắt sách, sách tóm tắt - sự hạn chế, sự giảm bớt '),(443,'abroach',' @abroach /ə\'broutʃ/ ','  tính từ - bị giùi lỗ; bị chọc thủng (thùng rượu để lấy rượu ra...) =to set a cask abroach+ giùi lỗ một thùng rượu, khui một thùng rượu '),(444,'abroad',' @abroad /ə\'brɔ:d/ ','  phó từ - ở nước ngoài, ra nước ngoài =to live abroad+ sống ở nước ngoài =to go abroad+ đi ra nước ngoài - khắp nơi, đang truyền đi khắp nơi =there is a runmour abroad that...+ khắp nơi đang có tin đồn rằng... =the schooimaster is abroad+ việc học hành bây giờ đang trở thành phổ biến - ngoài trời (đối với trong nhà) =life abroad is very healthy+ sống ở ngoài trời tốt cho sức khoẻ - (thông tục) nghĩ sai, nhầm, tưởng lầm =to be all abroad+ nghĩ sai hoàn toàn, hoàn toàn lầm lẫn !from abroad - từ nước ngoài =these machines were brought from abroad+ những chiếc máy này mang từ nước ngoài vào '),(445,'abrogable',' @abrogable ',' tính từ - có thể hủy bỏ '),(446,'abrogate',' @abrogate /\'æbrougeit/ ','  ngoại động từ - bãi bỏ, huỷ bỏ, thủ tiêu; bài trừ =backward customs musr be abrogated+ phải bài trừ những hủ tục =to abrogate a law+ huỷ bỏ một đạo luật '),(447,'abrogated',' @abrogate /\'æbrougeit/ ','  ngoại động từ - bãi bỏ, huỷ bỏ, thủ tiêu; bài trừ =backward customs musr be abrogated+ phải bài trừ những hủ tục =to abrogate a law+ huỷ bỏ một đạo luật '),(448,'abrogates',' @abrogate /\'æbrougeit/ ','  ngoại động từ - bãi bỏ, huỷ bỏ, thủ tiêu; bài trừ =backward customs musr be abrogated+ phải bài trừ những hủ tục =to abrogate a law+ huỷ bỏ một đạo luật '),(449,'abrogating',' @abrogate /\'æbrougeit/ ','  ngoại động từ - bãi bỏ, huỷ bỏ, thủ tiêu; bài trừ =backward customs musr be abrogated+ phải bài trừ những hủ tục =to abrogate a law+ huỷ bỏ một đạo luật '),(450,'abrogation',' @abrogation /,æbrou\'geiʃn/ ','  danh từ - sự bãi bỏ, sự huỷ bỏ, sự thủ tiêu; sự bài trừ '),(451,'abrogations',' @abrogation /,æbrou\'geiʃn/ ','  danh từ - sự bãi bỏ, sự huỷ bỏ, sự thủ tiêu; sự bài trừ '),(452,'abrogative',' @abrogative ',' tính từ - bị hủy bỏ '),(453,'abrupt',' @abrupt /ə\'brʌpt/ ','  tính từ - bất ngờ, đột ngột; vội vã =an abrupt turn+ chỗ ngoặc bất ngờ =an abrupt departure+ sự ra đi vội vã (đột ngột) - cộc lốc, lấc cấc, thô lỗ =an abrupt answers+ câu trả lời cộc lốc =abrupt manners+ cách cư xử lấc cấc - dốc đứng, hiểm trở, gian nan =abrupt coast+ bờ biển dốc đứng =the road to science is very abrupt+ con đường đi tới khoa học rất gian nan - trúc trắc, rời rạc (văn) - bị đốn, bị chặt cụt; như thể bị đốn, bị chặt cụt (cây...) '),(454,'abrupt junction',NULL,' @abrupt junction - (Tech) tiếp giáp dốc thẳng đứng '),(455,'abrupt junction diode',NULL,' @abrupt junction diode - (Tech) đèn hai cực tiếp giáp dốc thẳng đứng '),(456,'abruption',' @abruption /ə\'brʌpʃn/ ','  danh từ - sự đứt rời, sự gãy rời '),(457,'abruptly',' @abruptly ',' phó từ - bất ngờ, đột ngột - lấc cấc, xấc xược '),(458,'abruptness',' @abruptness /ə\'brʌptnis/ ','  danh từ - sự bất ngờ, sự đột ngột, sự vội vã - tính cộc lốc, tính lấc cấc; sự thô lỗ - thế dốc đứng, sự hiểm trở; sự gian nan - sự trúc trắc, sự rời rạc (văn) '),(459,'abscess',' @abscess /\'æbsis/ ','  danh từ - (y học) áp xe - (kỹ thuật) chỗ rỗ (ở kim loại) '),(460,'abscessed',' @abscessed ',' tính từ - (y học) bị áp-xe - bị rỗ '),(461,'abscesses',' @abscess /\'æbsis/ ','  danh từ - (y học) áp xe - (kỹ thuật) chỗ rỗ (ở kim loại) '),(462,'abscise',' @abscise ',' động từ - cắt ra, bị cắt ra '),(463,'absciss',' @absciss /æb\'sis/ ','  danh từ abscisses - (toán học) độ hoành '),(464,'Abscissa',NULL,' @Abscissa - (Econ) Hoành độ + Giá trị trên trục hoành (trục X) của một điểm trên đồ thị hai chiều. '),(465,'abscissa',' @abscissa /æb\'sisə/ ','  danh từ,  số nhiều abscissae - (như) absciss  @abscissa - (Tech) hoành độ '),(466,'abscissa, abscissae',NULL,' @abscissa, abscissae - hoành độ '),(467,'abscissae',' @abscissae /æb\'sisə/ ','  danh từ,  số nhiều abscissae - (như) absciss  @Abscissa - (Econ) Hoành độ + Giá trị trên trục hoành (trục X) của một điểm trên đồ thị hai chiều.  @abscissa /æb\'sisə/ ;  danh từ,  số nhiều abscissae - (như) absciss  @abscissa - (Tech) hoành độ '),(468,'abscissas',' @Abscissa /æb\'sisə/ ','(Econ) Hoành độ + Giá trị trên trục hoành (trục X) của một điểm trên đồ thị hai chiều ; danh từ,  số nhiều abscissae - (như) absciss  @abscissa - (Tech) hoành độ '),(469,'abscisse',' @abscisse /æb\'sis/ ','  danh từ,  số nhiều abscisses - (như) absciss '),(470,'abscission',' @abscission /æb\'siʤn/ ','  danh từ - (y học) sự cắt bỏ '),(471,'abscissions',' @abscission /æb\'siʤn/ ','  danh từ - (y học) sự cắt bỏ '),(472,'abscond',' @abscond /əb\'skɔnd/ ','  nội động từ - lẫn trốn, bỏ trốn - trốn tránh pháp luật '),(473,'absconded',' @abscond /əb\'skɔnd/ ','  nội động từ - lẫn trốn, bỏ trốn - trốn tránh pháp luật '),(474,'absconder',' @absconder /əb\'skɔndə/ ','  danh từ - người lẫn trốn, người bỏ trốn - người trốn tránh pháp luật '),(475,'absconding',' @abscond /əb\'skɔnd/ ','  nội động từ - lẫn trốn, bỏ trốn - trốn tránh pháp luật '),(476,'absconds',' @abscond /əb\'skɔnd/ ','  nội động từ - lẫn trốn, bỏ trốn - trốn tránh pháp luật '),(477,'abseil',' @abseil ',' động từ - trèo xuống, tụt xuống '),(478,'absence',' @absence /\'æbsəns/ ','  danh từ - sự vắng mặt, sự nghỉ (học), sự đi vắng; thời gian vắng mặt, lúc đi vắng =to have a long absence from school+ nghỉ học lâu - sự thiếu, sự không có =to carry out production in the absence of necessary machines+ sản xuất trong tình trạng thiếu những máy móc cần thiết - sự điểm danh =absence of mind+ sự lơ đãng =absence without leave+ sự nghỉ không phép !leave of absence - (xem) leave '),(479,'absence or presence',NULL,' @absence or presence - (Tech) vắng mặt hay hiện diện, không hay có '),(480,'absences',' @absence /\'æbsəns/ ','  danh từ - sự vắng mặt, sự nghỉ (học), sự đi vắng; thời gian vắng mặt, lúc đi vắng =to have a long absence from school+ nghỉ học lâu - sự thiếu, sự không có =to carry out production in the absence of necessary machines+ sản xuất trong tình trạng thiếu những máy móc cần thiết - sự điểm danh =absence of mind+ sự lơ đãng =absence without leave+ sự nghỉ không phép !leave of absence - (xem) leave '),(481,'absent',' @absent /\'æbsənt/ ','  tính từ - vắng mặt, đi vắng, nghỉ - lơ đãng =an absent air+ vẻ lơ đãng =to answer in an absent way+ trả lời một cách lơ đãng ;  động từ phãn thân - vắng mặt, đi vắng, nghỉ =to absent oneself from school+ nghỉ học =to absent oneself from work+ vắng mặt không đi làm '),(482,'absent-minded',' @absent-minded /\'æbsənt\'maindid/ ','  tính từ - lơ đãng '),(483,'absent-mindedly',' @absent-mindedly ',' phó từ - đãng trí '),(484,'absent-mindedness',' @absent-mindedness /\'æbsənt\'maindidnis/ ','  danh từ - sự lơ đãng, tính lơ đãng '),(485,'absent service',NULL,' @absent service - (Tech) dịch vụ (truyền đạt lúc) vắng mặt '),(486,'absent subscriber service',NULL,' @absent subscriber service - (Tech) dịch vụ thuê bao vắng mặt '),(487,'absent transfer',NULL,' @absent transfer - (Tech) truyền đạt vắng mặt '),(488,'absentation',' @absentation ',' danh từ - sự vắng mặt, trạng thái lơ đãng, không chú ý '),(489,'absented',' @absent /\'æbsənt/ ','  tính từ - vắng mặt, đi vắng, nghỉ - lơ đãng =an absent air+ vẻ lơ đãng =to answer in an absent way+ trả lời một cách lơ đãng ;  động từ phãn thân - vắng mặt, đi vắng, nghỉ =to absent oneself from school+ nghỉ học =to absent oneself from work+ vắng mặt không đi làm '),(490,'absentee',' @absentee /,æbsən\'ti:/ ','  danh từ - người vắng mặt, người đi vắng, người nghỉ - địa chủ không ở thường xuyên tại nơi có ruộng đất '),(491,'absentee ballot',' @absentee ballot ',' danh từ - việc bỏ phiếu trước của những cử tri nào không thể có mặt vào ngày bầu cử chính thức '),(492,'Absentee landlord',NULL,' @Absentee landlord - (Econ) Địa chủ (chủ bất động sản) cách biệt + Người chủ sở hữu đất hoặc nhà sống ở một nơi xa bất động sản của mình, thu tiền thuê và quản lý việc kinh doanh của mình thông qua trung gian hay người đại diện. '),(493,'absentee landlord',' @absentee landlord ',' danh từ - người không thường xuyên có mặt ở đồn điền của mình '),(494,'Absenteeism',NULL,' @Absenteeism - (Econ) Trốn việc, sự nghỉ làm không có lý do + Sự nghỉ làm, mặc dù các điều khoản của hợp đồng lao động yêu cầu người lao động phải đi làm và hợp đồng vẫn còn giá trị. '),(495,'absenteeism',' @absenteeism /,æbsən\'ti:izm/ ','  danh từ - sự hay vắng mặt, sự vắng mặt không có lý do chính đáng (ở công sở, ở xí nghiệp...) '),(496,'absentees',' @absentee /,æbsən\'ti:/ ','  danh từ - người vắng mặt, người đi vắng, người nghỉ - địa chủ không ở thường xuyên tại nơi có ruộng đất '),(497,'absenting',' @absent /\'æbsənt/ ','  tính từ - vắng mặt, đi vắng, nghỉ - lơ đãng =an absent air+ vẻ lơ đãng =to answer in an absent way+ trả lời một cách lơ đãng ;  động từ phãn thân - vắng mặt, đi vắng, nghỉ =to absent oneself from school+ nghỉ học =to absent oneself from work+ vắng mặt không đi làm '),(498,'absently',' @absently /\'æbsəntli/ ','  phó từ - lơ đãng '),(499,'absents',' @absent /\'æbsənt/ ','  tính từ - vắng mặt, đi vắng, nghỉ - lơ đãng =an absent air+ vẻ lơ đãng =to answer in an absent way+ trả lời một cách lơ đãng ;  động từ phãn thân - vắng mặt, đi vắng, nghỉ =to absent oneself from school+ nghỉ học =to absent oneself from work+ vắng mặt không đi làm '),(500,'absinth',' @absinth /\'æbsinθ/ (absinthe) /\'æbsinθ/ ','  danh từ - cây apxin, cây ngải đắng - tinh dầu apxin - rượu apxin '),(501,'absinthe',' @absinthe /\'æbsinθ/ (absinthe) /\'æbsinθ/ ','  danh từ - cây apxin, cây ngải đắng - tinh dầu apxin - rượu apxin '),(502,'absinthian',' @absinthian /æb\'sinθiən/ ','  tính từ - (thuộc) apxin '),(503,'absolutary',' @absolutary ',' tính từ - xá tội; tha tội '),(504,'absolute',' @absolute /\'æbsəlu:t/ ','  tính từ - tuyệt đối, hoàn toàn; thuần tuý, nguyên chất =absolute confidence in the Party\'s leadership+ sự tin tưởng tuyệt đối vào sự lãnh đạo của Đảng =absolute music+ âm nhạc thuần tuý =absolute alcohol+ rượu nguyên chất - chuyên chế, độc đoán =absolute monarchy+ nền quân chủ chuyên chế - xác thực, đúng sự thực, chắc chắn =absolute evidence+ chứng cớ xác thực - vô điều kiện =an absolute promise+ lời hứa vô điều kiện  @absolute - (Tech) tuyệt đối  @absolute - tuyệt đối // hình tuyệt đối '),(505,'absolute address',NULL,' @absolute address - (Tech) địa chỉ tuyệt đối '),(506,'absolute address variable',NULL,' @absolute address variable - (Tech) biến số địa chỉ tuyệt đối '),(507,'absolute addressing',NULL,' @absolute addressing - (Tech) phương pháp định địa chỉ tuyệt đối '),(508,'Absolute advantage',NULL,' @Absolute advantage - (Econ) Lợi thế tuyệt đối. + Xem Comparative Advantage. '),(509,'absolute altimeter',NULL,' @absolute altimeter - (Tech) máy đo độ cao tuyệt đối '),(510,'absolute ampere',NULL,' @absolute ampere - (Tech) ampe tuyệt đối '),(511,'absolute coordinate',NULL,' @absolute coordinate - (Tech) tọa độ tuyệt đối '),(512,'Absolute cost advantage',NULL,' @Absolute cost advantage - (Econ) Lợi thế nhờ phí tổn tuyệt đối. + Một khái niệm đề cập tới những lợi thế của các hãng đã thiết lập, vì thế các hãng này có thể duy trì chi phí trung bình thấp hơn so với các hãng mới nhập ngành không phụ thuộc vào mức sản lượng. (Xem Barriers to entry) '),(513,'absolute data',NULL,' @absolute data - (Tech) dữ kiện tuyệt đối '),(514,'absolute electrometer',NULL,' @absolute electrometer - (Tech) điện tĩnh kế tuyệt đối '),(515,'absolute element',NULL,' @absolute element - (Tech) phần tử tuyệt đối '),(516,'absolute error',NULL,' @absolute error - (Tech) sai số tuyệt đối '),(517,'absolute expression',NULL,' @absolute expression - (Tech) biểu thức tuyệt đối '),(518,'absolute file specifier',NULL,' @absolute file specifier - (Tech) tên gọi tuyệt đối của tập tin '),(519,'absolute galvanometer',NULL,' @absolute galvanometer - (Tech) điện kế tuyệt đối '),(520,'absolute generation number',NULL,' @absolute generation number - (Tech) số thế hệ tuyệt đối '),(521,'Absolute income hypothesis',NULL,' @Absolute income hypothesis - (Econ) Giả thuyết thu nhập tuyệt đối. + Giả thuyết này cho rằng các chi phí cho tiêu dùng (C) là một hàm số của thu nhập khả dụng của cá nhân (Yd): C = C (Yd). '),(522,'absolute instruction',NULL,' @absolute instruction - (Tech) chỉ thị tuyệt đối, chỉ thị ngôn ngữ máy '),(523,'absolute level',NULL,' @absolute level - (Tech) mức tuyệt đối '),(524,'absolute loader',NULL,' @absolute loader - (Tech) bộ nạp tuyệt đối '),(525,'absolute majority',' @absolute majority ',' danh từ - đa số tuyệt đối, tuyệt đại đa số '),(526,'Absolute monopoly',NULL,' @Absolute monopoly - (Econ) Độc quyền tuyệt đối. + Xem Monopoly. '),(527,'absolute move',NULL,' @absolute move - (Tech) di chuyển tuyệt đối '),(528,'absolute movement',NULL,' @absolute movement - (Tech) di động tuyệt đối '),(529,'absolute name',NULL,' @absolute name - (Tech) tên tuyệt đối '),(530,'absolute ohm',NULL,' @absolute ohm - (Tech) ohm tuyệt đối '),(531,'absolute order',NULL,' @absolute order - (Tech) thứ tự tuyệt đối '),(532,'absolute path',NULL,' @absolute path - (Tech) đường tuyệt đối '),(533,'absolute path name',NULL,' @absolute path name - (Tech) tên đường tuyệt đối '),(534,'absolute permeability',NULL,' @absolute permeability - (Tech) độ từ thẩm tuyệt đối '),(535,'absolute permittivity',NULL,' @absolute permittivity - (Tech) hằng số điện môi tuyệt đối '),(536,'absolute phase',NULL,' @absolute phase - (Tech) vị tướng/pha tuyệt đối '),(537,'absolute plotting',NULL,' @absolute plotting - (Tech) phép vẽ dùng vị trí tuyệt đối '),(538,'absolute plotting unit',NULL,' @absolute plotting unit - (Tech) đơn vị vẽ tuyệt đối '),(539,'absolute position',NULL,' @absolute position - (Tech) vị trí tuyệt đối '),(540,'Absolute prices',NULL,' @Absolute prices - (Econ) Giá tuyệt đối. + Giá đo bằng tiền ngược với với giá tương đối. Đó là giá của các hàng hoá, dịch vụ được biểu diễn trực tiếp dưới dạng số lượng của đơn vị tiền tệ. Xem Price '),(541,'Absolute scarcity',NULL,' @Absolute scarcity - (Econ) Khan hiếm tuyệt đối . + Xem Scarcity '),(542,'absolute temperature',NULL,' @absolute temperature - (Tech) nhiệt độ tuyệt đối '),(543,'absolute tense',NULL,' @absolute tense - (Tech) thời (chế) tuyệt đối [NB] '),(544,'absolute term',NULL,' @absolute term - (Tech) số hạng tuyệt đối '),(545,'absolute unit',NULL,' @absolute unit - (Tech) đơn vị tuyệt đối '),(546,'Absolute value',NULL,' @Absolute value - (Econ) Giá trị tuyệt đối. + Giá trị của một biến bỏ qua dấu của nó. '),(547,'absolute value',NULL,' @absolute value - (Tech) trị số tuyệt đối '),(548,'absolute value computer',NULL,' @absolute value computer - (Tech) máy điện toán trị tuyệt đối '),(549,'absolute value function',NULL,' @absolute value function - (Tech) hàm số trị tuyệt đối '),(550,'absolute vector',NULL,' @absolute vector - (Tech) véctơ tuyệt đối '),(551,'absolute volt',NULL,' @absolute volt - (Tech) volt tuyệt đối '),(552,'absolute zero',NULL,' @absolute zero - (Tech) số không tuyệt đối '),(553,'absolutely',' @absolutely /\'æbsəlu:tli/ ','  phó từ - tuyệt đối, hoàn toàn =to be absolutely wrong+ hoàn toàn sai lầm, hoàn toàn trái - chuyên chế, độc đoán =to govern absolutely+ cai trị một cách chuyên chế - vô điều kiện - (thông tục) nhất định, chắc chắn; tất nhiên; hoàn toàn như vậy, đúng như vậy  @absolutely - một cách tuyệt đối '),(554,'absolutely convergent',NULL,' @absolutely convergent - (Tech) hội tụ tuyệt đối '),(555,'absolutely noncircular attribute',NULL,' @absolutely noncircular attribute - (Tech) thuộc tính phi tuần hoàn tuyệt đối '),(556,'absolutely noncircular attribute grammar',NULL,' @absolutely noncircular attribute grammar - (Tech) văn phạm thuộc tính phi tuần hoàn tuyệt đối '),(557,'absoluteness',' @absoluteness /\'æbsəlu:tnis/ ','  danh từ - tính tuyệt đối, tính hoàn toàn '),(558,'absolutes',' @absolute /\'æbsəlu:t/ ','  tính từ - tuyệt đối, hoàn toàn; thuần tuý, nguyên chất =absolute confidence in the Party\'s leadership+ sự tin tưởng tuyệt đối vào sự lãnh đạo của Đảng =absolute music+ âm nhạc thuần tuý =absolute alcohol+ rượu nguyên chất - chuyên chế, độc đoán =absolute monarchy+ nền quân chủ chuyên chế - xác thực, đúng sự thực, chắc chắn =absolute evidence+ chứng cớ xác thực - vô điều kiện =an absolute promise+ lời hứa vô điều kiện  @absolute - (Tech) tuyệt đối  @absolute - tuyệt đối // hình tuyệt đối '),(559,'absolution',' @absolution /,æbsə\'lu:ʃn/ ','  danh từ - (pháp lý) sự tha tội, sự miễn xá - (tôn giáo) sự xá tội '),(560,'absolutions',' @absolution /,æbsə\'lu:ʃn/ ','  danh từ - (pháp lý) sự tha tội, sự miễn xá - (tôn giáo) sự xá tội '),(561,'absolutism',' @absolutism /\'æbsəlu:tizm/ ','  danh từ - (chính trị) sự chuyên chế, chính thể chuyên chế '),(562,'absolutist',' @absolutist /\'æbsəlu:tist/ ','  danh từ - (chính trị) người theo chính thể chuyên chế '),(563,'absolutistic',NULL,' @absolutistic - xem absolutism '),(564,'absolutists',' @absolutist /\'æbsəlu:tist/ ','  danh từ - (chính trị) người theo chính thể chuyên chế '),(565,'absolvable',NULL,' @absolvable - xem absolve '),(566,'absolve',' @absolve /əb\'zɔlv/ ','  ngoại động từ - tha tội, xá tội, tuyên án vô tội; miễn trách =to absolve someone from blame+ miễn trách ai, tuyên bố ai không có lỗi =to be absolved from the guilt+ được tuyên án vô tội - giải, giải phóng, cởi gỡ =to absolve someone from a spell+ giải cho ai khỏi bị bùa mê, giải bùa cho ai '),(567,'absolved',' @absolve /əb\'zɔlv/ ','  ngoại động từ - tha tội, xá tội, tuyên án vô tội; miễn trách =to absolve someone from blame+ miễn trách ai, tuyên bố ai không có lỗi =to be absolved from the guilt+ được tuyên án vô tội - giải, giải phóng, cởi gỡ =to absolve someone from a spell+ giải cho ai khỏi bị bùa mê, giải bùa cho ai '),(568,'absolver',NULL,' @absolver - xem absolve '),(569,'absolves',' @absolve /əb\'zɔlv/ ','  ngoại động từ - tha tội, xá tội, tuyên án vô tội; miễn trách =to absolve someone from blame+ miễn trách ai, tuyên bố ai không có lỗi =to be absolved from the guilt+ được tuyên án vô tội - giải, giải phóng, cởi gỡ =to absolve someone from a spell+ giải cho ai khỏi bị bùa mê, giải bùa cho ai '),(570,'absolving',' @absolve /əb\'zɔlv/ ','  ngoại động từ - tha tội, xá tội, tuyên án vô tội; miễn trách =to absolve someone from blame+ miễn trách ai, tuyên bố ai không có lỗi =to be absolved from the guilt+ được tuyên án vô tội - giải, giải phóng, cởi gỡ =to absolve someone from a spell+ giải cho ai khỏi bị bùa mê, giải bùa cho ai '),(571,'absonant',' @absonant /\'æbsənənt/ ','  tính từ - không hợp điệu, không hoà hợp - (+ to,  from) không hợp với, trái với - không hợp lý '),(572,'absorb',' @absorb /əb\'sɔ:b/ ','  ngoại động từ - hút, hút thu (nước) =dry sand absorb water+ cát khô hút nước - hấp thu =youths always absorb new ideas+ thanh niên luôn luôn hấp thu những tư tưởng mới - miệt mài, mê mải, chăm chú; lôi cuốn, thu hút sự chú ý =to be absorbed in thought+ mãi suy nghĩ =to be absorbed in the study of Marxism-Leninism+ miệt mài nghiên cứu chủ nghĩa Mác-Lênin  @absorb - hấp thu, hút thu '),(573,'absorbability',' @absorbability /əb,sɔ:bə\'biliti/ ','  danh từ - khả năng hút thu '),(574,'absorbable',' @absorbable /əb\'sɔ:bəbl/ ','  tính từ - có thể nuốt được; có thể bị hút - có thể hút thu được; có thể bị hút thu '),(575,'absorbed',' @absorbed /əb\'sɔ:bd/ ','  tính từ - miệt mài, mê mải, say mê, chăm chú =with absorbed interest+ chú ý miệt mài; say mê thích thú  @absorb /əb\'sɔ:b/ ;  ngoại động từ - hút, hút thu (nước) =dry sand absorb water+ cát khô hút nước - hấp thu =youths always absorb new ideas+ thanh niên luôn luôn hấp thu những tư tưởng mới - miệt mài, mê mải, chăm chú; lôi cuốn, thu hút sự chú ý =to be absorbed in thought+ mãi suy nghĩ =to be absorbed in the study of Marxism-Leninism+ miệt mài nghiên cứu chủ nghĩa Mác-Lênin  @absorb - hấp thu, hút thu '),(576,'absorbed photon',NULL,' @absorbed photon - (Tech) quang tử hấp thu '),(577,'absorbed power',NULL,' @absorbed power - (Tech) công suất hấp thu '),(578,'absorbedly',' @absorbedly /əb\'sɔ:bidli/ ','  phó từ - miệt mài, mê mải; say mê, chăm chú '),(579,'absorbedness',NULL,' @absorbedness - xem absorbed '),(580,'absorbefacient',' @absorbefacient /əb,sɔ:bi\'feiʃənt/ ','  tính từ - (y học) làm tiêu đi, làm tan đi ;  danh từ - (y học) thuốc làm tiêu, thuốc làm tan '),(581,'absorbencies',NULL,' @absorbency - xem absorbent '),(582,'absorbency',NULL,' @absorbency - xem absorbent '),(583,'absorbent',' @absorbent /əb\'sɔ:bənt/ ','  tính từ - hút nước, thấm hút =absorbent cotton wood+ bông hút nước ;  danh từ - chất hút thu; máy hút thu - (thực vật học); (động vật học) cơ quan hút thu (các chất dinh dưỡng) '),(584,'absorber',' @absorber /əb\'sɔ:bə/ ','  danh từ - (kỹ thuật) thiết bị hút thu - cái giảm xóc (ô tô)  @absorber - (Tech) bộ hấp thu; bộ đệm '),(585,'absorbers',' @absorber /əb\'sɔ:bə/ ','  danh từ - (kỹ thuật) thiết bị hút thu - cái giảm xóc (ô tô)  @absorber - (Tech) bộ hấp thu; bộ đệm '),(586,'absorbing',' @absorbing /əb\'sɔ:biɳ/ ','  tính từ - hấp dẫn, làm say mê, làm say sưa =an absorbing story+ câu chuyện hấp dẫn =to tell the story in an absorbing way+ kể chuyện một cách hấp dẫn  @absorb /əb\'sɔ:b/ ;  ngoại động từ - hút, hút thu (nước) =dry sand absorb water+ cát khô hút nước - hấp thu =youths always absorb new ideas+ thanh niên luôn luôn hấp thu những tư tưởng mới - miệt mài, mê mải, chăm chú; lôi cuốn, thu hút sự chú ý =to be absorbed in thought+ mãi suy nghĩ =to be absorbed in the study of Marxism-Leninism+ miệt mài nghiên cứu chủ nghĩa Mác-Lênin  @absorb - hấp thu, hút thu '),(587,'absorbing load',NULL,' @absorbing load - (Tech) tải hấp thu '),(588,'absorbing state',NULL,' @absorbing state - (Tech) trạng thái hấp thu '),(589,'absorbingly',NULL,' @absorbingly - xem absorb '),(590,'absorbs',' @absorb /əb\'sɔ:b/ ','  ngoại động từ - hút, hút thu (nước) =dry sand absorb water+ cát khô hút nước - hấp thu =youths always absorb new ideas+ thanh niên luôn luôn hấp thu những tư tưởng mới - miệt mài, mê mải, chăm chú; lôi cuốn, thu hút sự chú ý =to be absorbed in thought+ mãi suy nghĩ =to be absorbed in the study of Marxism-Leninism+ miệt mài nghiên cứu chủ nghĩa Mác-Lênin  @absorb - hấp thu, hút thu '),(591,'absorptance',NULL,' @absorptance - (Tech) độ hấp thu '),(592,'absorption',' @absorption /əb\'sɔ:pʃn/ ','  danh từ - sự hút, sự hút thu - sự say mê, miệt mài, sự mê mải  @absorption - (Tech) hấp thu; đệm; làm nhụt (d)  @absorption - sự hấp thu, sự thu hút '),(593,'Absorption approach',NULL,' @Absorption approach - (Econ) Phương pháp hấp thu. + Phương pháp phân tích tác động của sự phá giá hoặc giảm tỷ giá hối đoái của một nước đối với cán cân thương mại. '),(594,'absorption cell',NULL,' @absorption cell - (Tech) tổ hấp thu '),(595,'absorption circuit',NULL,' @absorption circuit - (Tech) mạch hấp thu '),(596,'absorption coefficient',NULL,' @absorption coefficient - (Tech) hệ số hấp thu '),(597,'absorption current',NULL,' @absorption current - (Tech) dòng hấp thu '),(598,'absorption factor',NULL,' @absorption factor - (Tech) hệ số hấp thu '),(599,'absorption index',NULL,' @absorption index - (Tech) chỉ số hấp thu '),(600,'absorption law',NULL,' @absorption law - (Tech) định luật hấp thu '),(601,'absorption loss',NULL,' @absorption loss - (Tech) tổn hao hấp thu '),(602,'absorption peak',NULL,' @absorption peak - (Tech) đĩnh hấp thu '),(603,'absorption spectrum',NULL,' @absorption spectrum - (Tech) quang phổ hấp thu '),(604,'absorption trap',NULL,' @absorption trap - (Tech) cái bẫy hấp thu '),(605,'absorption wavemeter',NULL,' @absorption wavemeter - (Tech) máy đo sóng loại hấp thu '),(606,'absorptions',' @absorption /əb\'sɔ:pʃn/ ','  danh từ - sự hút, sự hút thu - sự say mê, miệt mài, sự mê mải  @absorption - (Tech) hấp thu; đệm; làm nhụt (d)  @absorption - sự hấp thu, sự thu hút '),(607,'absorptive',' @absorptive /əb\'sɔ:ptiv/ ','  tính từ - hút thu =absorptive power+ khả năng hút thu '),(608,'absorptive attenuator',NULL,' @absorptive attenuator - (Tech) bộ giảm sóng hấp thu '),(609,'absorptive modulation',NULL,' @absorptive modulation - (Tech) điều tần hấp thu '),(610,'absorptive surface',NULL,' @absorptive surface - (Tech) bề mặt hấp thu '),(611,'absorptive transition',NULL,' @absorptive transition - (Tech) tiếp giáp hấp thu '),(612,'absorptivity',' @absorptivity /,æbsɔ:p\'tiviti/ ','  danh từ - khả năng hút thu  @absorptivity - (Tech) độ hấp thu; tính hấp thu '),(613,'absquatulate',' @absquatulate ',' nội động từ - trốn chạy '),(614,'abstain',' @abstain /əb\'stein/ ','  nội động từ - kiêng, kiêng khem, tiết chế =to abstain from alcohol+ kiêng rượu - kiêng rượu - (tôn giáo) ăn chay ((cũng) to abstain from meat) '),(615,'abstained',' @abstain /əb\'stein/ ','  nội động từ - kiêng, kiêng khem, tiết chế =to abstain from alcohol+ kiêng rượu - kiêng rượu - (tôn giáo) ăn chay ((cũng) to abstain from meat) '),(616,'abstainer',' @abstainer /əb\'steinə/ ','  danh từ - người kiêng rượu =a total abstainer+ người kiêng rượu hoàn toàn '),(617,'abstainers',' @abstainer /əb\'steinə/ ','  danh từ - người kiêng rượu =a total abstainer+ người kiêng rượu hoàn toàn '),(618,'abstaining',' @abstaining /əb\'steiniɳ/ ','  danh từ - sự kiêng khem  @abstain /əb\'stein/ ;  nội động từ - kiêng, kiêng khem, tiết chế =to abstain from alcohol+ kiêng rượu - kiêng rượu - (tôn giáo) ăn chay ((cũng) to abstain from meat) '),(619,'abstains',' @abstain /əb\'stein/ ','  nội động từ - kiêng, kiêng khem, tiết chế =to abstain from alcohol+ kiêng rượu - kiêng rượu - (tôn giáo) ăn chay ((cũng) to abstain from meat) '),(620,'abstemious',' @abstemious /æb\'sti:mjəs/ ','  tính từ - tiết chế, có điều độ - sơ sài, đạm bạc =an abstemiousmeal+ bữa ăn đạm bạc '),(621,'abstemiously',' @abstemiously ',' phó từ - chừng mực, điều độ, tiết độ '),(622,'abstemiousness',' @abstemiousness ',' danh từ - sự điều độ, sự tiết độ '),(623,'abstention',' @abstention /æb\'stenʃn/ ','  danh từ - (+ from) sự kiêng - sự không tham gia bỏ phiếu '),(624,'abstentions',' @abstention /æb\'stenʃn/ ','  danh từ - (+ from) sự kiêng - sự không tham gia bỏ phiếu '),(625,'absterge',' @absterge /əb\'stə:dʤ/ ','  ngoại động từ - tẩy, làm sạch '),(626,'abstergent',' @abstergent /əb\'stə:dʤnt/ ','  tính từ - tẩy, làm sạch ;  danh từ - (y học) thuốc làm sạch (vết thương) '),(627,'abstergents',' @abstergent /əb\'stə:dʤnt/ ','  tính từ - tẩy, làm sạch ;  danh từ - (y học) thuốc làm sạch (vết thương) '),(628,'abstersion',' @abstersion /əb\'stə:ʃn/ ','  danh từ - sự tẩy sạch, sự làm sạch '),(629,'abstersive',' @abstersive /əb\'stə:siv/ ','  tính từ - tẩy, làm sạch '),(630,'Abstinence',NULL,' @Abstinence - (Econ) Nhịn chi tiêu. + Một thuật ngữ miêu tả sự cần thiết giảm bớt tiêu dùng hiện tại để tích luỹ tư bản. '),(631,'abstinence',' @abstinence /\'æbstinəns/ ','  danh từ - sự kiêng, sự kiêng khem, sự tiết chế (ăn uống, chơi bời...) - sự kiêng rượu =total abstinence+ sự kiêng rượu hoàn toàn - (tôn giáo) sự ăn chay, sự nhịn ăn '),(632,'abstinency',' @abstinency /\'æbstinənsi/ ','  danh từ - thói quen ăn uống điều độ, sự kiêng khem '),(633,'abstinent',' @abstinent /\'æbstinənt/ ','  tính từ - ăn uống điều độ; kiêng khem '),(634,'abstinently',NULL,' @abstinently - xem abstinence '),(635,'abstract',' @abstract /\'æbstrækt/ ','  tính từ - trừu tượng - khó hiểu - lý thuyết không thực tế !abstract number - (toán học) số hư ;  danh từ - bản tóm tắt (cuốn sách, luận án, bài diễn văn...) - vật trừu tượng =in the abstract+ trừu tượng, lý thuyết ;  ngoại động từ - trừu tượng hoá - làm đãng trí - rút ra, chiết ra, tách ra =to abstract butter from milk+ tách bơ ra khỏi sữa - lấy trộm, ăn cắp - tóm tắt, trích yếu  @abstract - (Tech) trừu tượng; tóm tắt, trích yếu '),(636,'abstract algebra',NULL,' @abstract algebra - (Tech) đại số học trừu tượng/ đồng điều '),(637,'abstract journal',NULL,' @abstract journal - (Tech) báo trích yếu, báo sao lục [NB] '),(638,'abstract noun',NULL,' @abstract noun ; danh từ - danh từ trừu tượng (như lòng tốt, sự tự do...) '),(639,'abstract semantics',NULL,' @abstract semantics - (Tech) ngữ nghĩa trừu tượng '),(640,'abstract symbol',NULL,' @abstract symbol - (Tech) ký hiệu trừu tượng '),(641,'abstract syntax',NULL,' @abstract syntax - (Tech) cú pháp trừu tượng '),(642,'abstracted',' @abstracted /æb\'stræktid/ ','  tính từ - lơ đãng  @abstract /\'æbstrækt/ ;  tính từ - trừu tượng - khó hiểu - lý thuyết không thực tế !abstract number - (toán học) số hư ;  danh từ - bản tóm tắt (cuốn sách, luận án, bài diễn văn...) - vật trừu tượng =in the abstract+ trừu tượng, lý thuyết ;  ngoại động từ - trừu tượng hoá - làm đãng trí - rút ra, chiết ra, tách ra =to abstract butter from milk+ tách bơ ra khỏi sữa - lấy trộm, ăn cắp - tóm tắt, trích yếu  @abstract - (Tech) trừu tượng; tóm tắt, trích yếu '),(643,'abstractedly',' @abstractedly /æb\'stræktidli/ ','  phó từ - trừu tượng; lý thuyết - lơ đãng - tách ra, riêng ra '),(644,'abstractedness',' @abstractedness /æb\'stræktidnis/ ','  danh từ - sự lơ đãng '),(645,'abstracter',NULL,' @abstracter - xem abstract '),(646,'abstracting',' @abstract /\'æbstrækt/ ','  tính từ - trừu tượng - khó hiểu - lý thuyết không thực tế !abstract number - (toán học) số hư ;  danh từ - bản tóm tắt (cuốn sách, luận án, bài diễn văn...) - vật trừu tượng =in the abstract+ trừu tượng, lý thuyết ;  ngoại động từ - trừu tượng hoá - làm đãng trí - rút ra, chiết ra, tách ra =to abstract butter from milk+ tách bơ ra khỏi sữa - lấy trộm, ăn cắp - tóm tắt, trích yếu  @abstract - (Tech) trừu tượng; tóm tắt, trích yếu '),(647,'abstraction',' @abstraction /æb\'strækʃn/ ','  danh từ - sự trừu tượng, sự trừu tượng hoá - cách nhìn trừu tượng, quan điểm trừu tượng; khái niệm trừu tượng; vật trừu tượng - sự lơ đãng - sự chiết ra, sự rút ra - sự lấy trộm, sự ăn cắp  @abstraction - sự trừu tượng hoá, sự trừu tượng '),(648,'abstractionism',' @abstractionism /æb\'strækʃənizm/ ','  danh từ - (nghệ thuật) chủ nghĩa trừu tượng '),(649,'abstractionist',' @abstractionist /æb\'strækʃənist/ ','  danh từ - (nghệ thuật) người theo chủ nghĩa trừu tượng ;  tính từ - (nghệ thuật) theo lối trừu tượng, trừu tượng chủ nghĩa '),(650,'abstractionists',' @abstractionist /æb\'strækʃənist/ ','  danh từ - (nghệ thuật) người theo chủ nghĩa trừu tượng ;  tính từ - (nghệ thuật) theo lối trừu tượng, trừu tượng chủ nghĩa '),(651,'abstractions',' @abstraction /æb\'strækʃn/ ','  danh từ - sự trừu tượng, sự trừu tượng hoá - cách nhìn trừu tượng, quan điểm trừu tượng; khái niệm trừu tượng; vật trừu tượng - sự lơ đãng - sự chiết ra, sự rút ra - sự lấy trộm, sự ăn cắp  @abstraction - sự trừu tượng hoá, sự trừu tượng '),(652,'abstractly',NULL,' @abstractly - xem abstract '),(653,'abstractness',' @abstractness /\'æbstræktnis/ ','  danh từ - tính trừu tượng - tính khó hiểu '),(654,'abstracts',' @abstract /\'æbstrækt/ ','  tính từ - trừu tượng - khó hiểu - lý thuyết không thực tế !abstract number - (toán học) số hư ;  danh từ - bản tóm tắt (cuốn sách, luận án, bài diễn văn...) - vật trừu tượng =in the abstract+ trừu tượng, lý thuyết ;  ngoại động từ - trừu tượng hoá - làm đãng trí - rút ra, chiết ra, tách ra =to abstract butter from milk+ tách bơ ra khỏi sữa - lấy trộm, ăn cắp - tóm tắt, trích yếu  @abstract - (Tech) trừu tượng; tóm tắt, trích yếu '),(655,'abstrahent',' @abstrahent ',' tính từ - trừu tượng, khó hiểu '),(656,'abstriction',' @abstriction ',' danh từ - (thực vật) sự tách rụng bào tử '),(657,'abstruse',' @abstruse /æb\'stru:s/ ','  tính từ - khó hiểu - thâm thuý, sâu sắc '),(658,'abstrusely',' @abstrusely ',' phó từ - thâm thúy, sâu sắc '),(659,'abstruseness',' @abstruseness /æb\'stru:snis/ ','  danh từ - tính khó hiểu - tính thâm thuý, tính sâu sắc '),(660,'absurd',' @absurd /əb\'sə:d/ ','  tính từ - vô lý - ngu xuẩn, ngớ ngẩn; buồn cười, lố bịch  @absurd - (Tech) vô nghĩa, phi lý  @absurd - vô nghĩa, vô lý, phi lý '),(661,'absurdities',' @absurdity /əb\'sə:diti/ ','  danh từ - sự vô lý; sự ngu xuẩn, sự ngớ ngẩn - điều vô lý; điều ngớ ngẩn  @absurdity - [sự; tính] vô nghĩa, vô lý, phi lý '),(662,'absurdity',' @absurdity /əb\'sə:diti/ ','  danh từ - sự vô lý; sự ngu xuẩn, sự ngớ ngẩn - điều vô lý; điều ngớ ngẩn  @absurdity - [sự; tính] vô nghĩa, vô lý, phi lý '),(663,'absurdly',' @absurdly ',' phó từ - vô lý - ngớ ngẩn, lố bịch '),(664,'abterminal',' @abterminal ',' tính từ - (thực vật) xa ngọn '),(665,'abtruse',' @abtruse ',' tính từ - khó hiểu '),(666,'abulia',' @abulia /ə\'bauliə/ (abulia) /ə\'bu:ljə/ ','  danh từ - (y học) chứng mất ý chí '),(667,'abulic',NULL,' @abulic - xem abulia '),(669,'abundances',' @abundance /ə\'bʌndəns/ ','  danh từ - sự nhiều, sự giàu có, sự phong phú; sự thừa thãi, sự dư dật =to live in abundance+ sống dư dật - sự dạt dào (tình cảm, cảm xúc) =abundance of the heart+ sự dạt dào tình cảm - tình trạng rất đông người '),(670,'abundant',' @abundant /ə\'bʌndənt/ ','  tính từ - phong phú, nhiều, chan chứa; thừa thãi, dư dật =to be abundant in something+ có nhiều cái gì =an abundant year+ năm được mùa lớn  @abundant - thừa '),(671,'abundantly',' @abundantly ',' phó từ - nhiều '),(672,'abuse',' @abuse /ə\'bju:s/ ','  danh từ - sự lạm dụng, sự lộng hành =abuse of power+ sự lạm quyền =to remedy abuses+ sửa chữa thói lạm dụng - thói xấu, hủ tục - sự lăng mạ, sự sỉ nhục, sự chửi rủa, sự xỉ vả - sự nói xấu, sự gièm pha - (từ Mỹ,nghĩa Mỹ),  (từ cổ,nghĩa cổ) sự ngược đãi, sự hành hạ =an abuse of animals+ sự hành hạ súc vật ;  ngoại động từ - lạm dụng (quyền hành...) - lăng mạ, sỉ nhục, chửi rủa - nói xấu, gièm pha =to abuse somebody behind his bock+ nói xấu sau lưng ai - (từ cổ,nghĩa cổ) lừa dối, lừa gạt - (từ Mỹ,nghĩa Mỹ),  (từ cổ,nghĩa cổ) ngược đãi, hành hạ '),(673,'abused',' @abuse /ə\'bju:s/ ','  danh từ - sự lạm dụng, sự lộng hành =abuse of power+ sự lạm quyền =to remedy abuses+ sửa chữa thói lạm dụng - thói xấu, hủ tục - sự lăng mạ, sự sỉ nhục, sự chửi rủa, sự xỉ vả - sự nói xấu, sự gièm pha - (từ Mỹ,nghĩa Mỹ),  (từ cổ,nghĩa cổ) sự ngược đãi, sự hành hạ =an abuse of animals+ sự hành hạ súc vật ;  ngoại động từ - lạm dụng (quyền hành...) - lăng mạ, sỉ nhục, chửi rủa - nói xấu, gièm pha =to abuse somebody behind his bock+ nói xấu sau lưng ai - (từ cổ,nghĩa cổ) lừa dối, lừa gạt - (từ Mỹ,nghĩa Mỹ),  (từ cổ,nghĩa cổ) ngược đãi, hành hạ '),(674,'abuser',' @abuser /ə\'bju:zə/ ','  danh từ - người lạm dụng - người lăng mạ, người sỉ nhục, người chửi rủa - người nói xấu, kẻ gièm pha - người đánh lừa, người lừa gạt '),(675,'abusers',' @abuser /ə\'bju:zə/ ','  danh từ - người lạm dụng - người lăng mạ, người sỉ nhục, người chửi rủa - người nói xấu, kẻ gièm pha - người đánh lừa, người lừa gạt '),(676,'abuses',' @abuse /ə\'bju:s/ ','  danh từ - sự lạm dụng, sự lộng hành =abuse of power+ sự lạm quyền =to remedy abuses+ sửa chữa thói lạm dụng - thói xấu, hủ tục - sự lăng mạ, sự sỉ nhục, sự chửi rủa, sự xỉ vả - sự nói xấu, sự gièm pha - (từ Mỹ,nghĩa Mỹ),  (từ cổ,nghĩa cổ) sự ngược đãi, sự hành hạ =an abuse of animals+ sự hành hạ súc vật ;  ngoại động từ - lạm dụng (quyền hành...) - lăng mạ, sỉ nhục, chửi rủa - nói xấu, gièm pha =to abuse somebody behind his bock+ nói xấu sau lưng ai - (từ cổ,nghĩa cổ) lừa dối, lừa gạt - (từ Mỹ,nghĩa Mỹ),  (từ cổ,nghĩa cổ) ngược đãi, hành hạ '),(677,'abusing',' @abuse /ə\'bju:s/ ','  danh từ - sự lạm dụng, sự lộng hành =abuse of power+ sự lạm quyền =to remedy abuses+ sửa chữa thói lạm dụng - thói xấu, hủ tục - sự lăng mạ, sự sỉ nhục, sự chửi rủa, sự xỉ vả - sự nói xấu, sự gièm pha - (từ Mỹ,nghĩa Mỹ),  (từ cổ,nghĩa cổ) sự ngược đãi, sự hành hạ =an abuse of animals+ sự hành hạ súc vật ;  ngoại động từ - lạm dụng (quyền hành...) - lăng mạ, sỉ nhục, chửi rủa - nói xấu, gièm pha =to abuse somebody behind his bock+ nói xấu sau lưng ai - (từ cổ,nghĩa cổ) lừa dối, lừa gạt - (từ Mỹ,nghĩa Mỹ),  (từ cổ,nghĩa cổ) ngược đãi, hành hạ '),(678,'abusive',' @abusive /ə\'bju:siv/ ','  tính từ - lạm dụng - lăng mạ, sỉ nhục, chửi rủa =abusive words+ những lời chưởi rủa, những lời sỉ nhục - lừa dối, lừa gạt - (từ Mỹ,nghĩa Mỹ),  (từ cổ,nghĩa cổ) ngược đãi, hành hạ '),(679,'abusively',' @abusively ',' phó từ - lăng mạ, thoá mạ '),(680,'abusiveness',' @abusiveness /ə\'bju:sivnis/ ','  danh từ - sự lạm dụng - sự lăng mạ, sự sỉ nhục, sự chửi rủa thậm tệ - sự lừa dối, sự lừa gạt - (từ Mỹ,nghĩa Mỹ),  (từ cổ,nghĩa cổ) sự ngược đãi, sự hành hạ '),(681,'abut',' @abut /ə\'bʌt/ ','  động từ - (+ on,  upon) giáp giới với, tiếp giáp với - (+ on,  against) dựa vào, nối đầu vào nhau  @abut - kề sát; chung biên '),(682,'abutilon',' @abutilon /ə\'bju:tilən/ ','  danh từ - (thực vật học) giống cây cối xay '),(683,'abutment',' @abutment /ə\'bʌtmənt/ ','  danh từ - giới hạn, biên giới, chỗ tiếp giáp - tường chống, trụ chống; trụ đá (xây ở hai đầu cầu) '),(684,'abutments',' @abutment /ə\'bʌtmənt/ ','  danh từ - giới hạn, biên giới, chỗ tiếp giáp - tường chống, trụ chống; trụ đá (xây ở hai đầu cầu) '),(685,'abuts',' @abut /ə\'bʌt/ ','  động từ - (+ on,  upon) giáp giới với, tiếp giáp với - (+ on,  against) dựa vào, nối đầu vào nhau  @abut - kề sát; chung biên '),(686,'abuttal',' @abuttal /ə\'bʌtl/ ','  danh từ - giới hạn, biên giới, chổ tiếp giáp '),(687,'abuttals',' @abuttal /ə\'bʌtl/ ','  danh từ - giới hạn, biên giới, chổ tiếp giáp '),(688,'abutted',' @abut /ə\'bʌt/ ','  động từ - (+ on,  upon) giáp giới với, tiếp giáp với - (+ on,  against) dựa vào, nối đầu vào nhau  @abut - kề sát; chung biên '),(689,'abutter',' @abutter /ə\'bʌtə/ ','  danh từ - (pháp lý) chủ nhà đất láng giềng (ở ngay cạnh nhà đất của ai) '),(690,'abutters',' @abutter /ə\'bʌtə/ ','  danh từ - (pháp lý) chủ nhà đất láng giềng (ở ngay cạnh nhà đất của ai) '),(691,'abutting',' @abutting ',' tính từ - giới hạn, tiếp giáp  @abut /ə\'bʌt/ ;  động từ - (+ on,  upon) giáp giới với, tiếp giáp với - (+ on,  against) dựa vào, nối đầu vào nhau  @abut - kề sát; chung biên '),(692,'abuzz',' @abuzz ',' tính từ - đầy tiếng rì rầm, ồn ào '),(693,'abysm',' @abysm /ə\'bizm/ ','  danh từ - (thơ ca) (như) abyss '),(694,'abysmal',' @abysmal /ə\'bizməl/ ','  tính từ - không đáy, thăm thẳm, sâu không dò được =abysmal ignorance+ sự dốt nát cùng cực '),(695,'abysmally',' @abysmally ',' phó từ - thậm tệ, cùng cực, vô cùng '),(696,'abysms',' @abysm /ə\'bizm/ ','  danh từ - (thơ ca) (như) abyss '),(697,'abysopelagic',' @abysopelagic ',' tính từ - thuộc vùng khơi- sâu thẳm '),(698,'abyss',' @abyss /ə\'bis/ ','  danh từ - vực sâu, vực thẳm - biển thẳm - lòng trái đất; địa ngục '),(699,'abyssal',' @abyssal /ə\'bisəl/ ','  tính từ - sâu thăm thảm, sâu như vực thẳm, sâu không dò được =abyssal depth+ chỗ biển sâu nhất - (thuộc) biển thẳm =abyssal mund+ bùn biển thẳm '),(700,'abysses',' @abyss /ə\'bis/ ','  danh từ - vực sâu, vực thẳm - biển thẳm - lòng trái đất; địa ngục '),(701,'abyssobenthic',' @abyssobenthic ',' tính từ - thuộc đáy biển thẳm; thuộc vực biển thẳm '),(702,'ac',NULL,' @ac/dc receiver - (Tech) máy thu chạy điện xoay chiều-một chiều = universal receiver  @ac/dc ringing - (Tech) phép gọi điện xoay chiều-một chiều '),(723,'AC-cut quartz',NULL,' @AC-cut quartz - (Tech) thạch anh kiểu cắt AC '),(724,'acacia',' @acacia /ə\'keiʃə/ ','  danh từ - (thực vật học) giống cây keo '),(725,'acacias',' @acacia /ə\'keiʃə/ ','  danh từ - (thực vật học) giống cây keo '),(726,'academe',' @academe /,æk\'ədi:m/ ','  danh từ - (thơ ca) học viện; trường đại học '),(727,'academese',' @academese ',' danh từ - phong cách hàn lâm viện '),(728,'academia',' @academia ',' danh từ - giới học viện '),(729,'academic',' @academic /,ækə\'demik/ ','  tính từ - (thuộc) học viện; (thuộc) trường đại học - (thuộc) viện hàn lâm - có tính chất học thuật =an academic debate+ một cuộc tranh luận có tính chất học thuật - lý thuyết suông, trừu tượng, không thực tế =an academic question+ một vấn đề trừu tượng, một vấn đề không thực tế - (văn nghệ) kinh viện =academic painting+ hội hoạ kinh viện - (thuộc) trường phái triết học Pla-ton ;  danh từ - hội viên học viện - viện sĩ - người quá nệ kinh viện - (số nhiều) lập luận hoàn toàn lý thuyết - (số nhiều) mũ áo đại học (của giáo sư và học sinh đại học ở Anh) '),(730,'academical',' @academical /,ækə\'demikəl/ ','  tính từ - (thuộc) học viện; (thuộc) trường đại học '),(731,'academically',' @academically ',' phó từ - về mặt lý thuyết, thuần về lý thuyết '),(732,'academicals',' @academicals /,ækə\'demikəlz/ ','  danh từ số nhiều - mũ áo đại học (của giáo sư và học sinh đại học ở Anh) '),(733,'academician',' @academician /ə,ækədə\'miʃn/ ','  danh từ - viện sĩ '),(734,'academicians',' @academician /ə,ækədə\'miʃn/ ','  danh từ - viện sĩ '),(735,'academics',' @academic /,ækə\'demik/ ','  tính từ - (thuộc) học viện; (thuộc) trường đại học - (thuộc) viện hàn lâm - có tính chất học thuật =an academic debate+ một cuộc tranh luận có tính chất học thuật - lý thuyết suông, trừu tượng, không thực tế =an academic question+ một vấn đề trừu tượng, một vấn đề không thực tế - (văn nghệ) kinh viện =academic painting+ hội hoạ kinh viện - (thuộc) trường phái triết học Pla-ton ;  danh từ - hội viên học viện - viện sĩ - người quá nệ kinh viện - (số nhiều) lập luận hoàn toàn lý thuyết - (số nhiều) mũ áo đại học (của giáo sư và học sinh đại học ở Anh) '),(736,'academies',' @academy /ə\'kædəmi/ ','  danh từ - học viện =a military academy+ học viện quân sự - viện hàn lâm - trường chuyên nghiệp - trường tư thục (dành cho trẻ em nhà giàu) - vườn A-ca-đê-mi (khu vườn gần A-ten nơi Pla-ton giảng triết học); trường phái triết học Pla-ton; môn đệ của Pla-ton '),(737,'academy',' @academy /ə\'kædəmi/ ','  danh từ - học viện =a military academy+ học viện quân sự - viện hàn lâm - trường chuyên nghiệp - trường tư thục (dành cho trẻ em nhà giàu) - vườn A-ca-đê-mi (khu vườn gần A-ten nơi Pla-ton giảng triết học); trường phái triết học Pla-ton; môn đệ của Pla-ton '),(738,'academy award',' @academy award ',' danh từ - phần thưởng hàng năm do Hàn lâm viện điện ảnh - nghệ thuật - khoa học Mỹ dành cho những thành tựu về điện ảnh '),(739,'acaleph',' @acaleph /\'ækəlef/ ','  danh từ - loài sứa '),(740,'acanthi',' @acanthi /ə\'kænθəs/ ','  danh từ,  số nhiều acanthuses,  acanthi - cây ô rô - (kiến trúc) hình trang trí lá ô rô  @acanthus /ə\'kænθəs/ ;  danh từ,  số nhiều acanthuses,  acanthi - cây ô rô - (kiến trúc) hình trang trí lá ô rô '),(741,'acanthocarp',' @acanthocarp ',' danh từ - quả gai '),(742,'acanthocarpous',' @acanthocarpous ',' tính từ - có quả gai '),(743,'acanthocephalan',' @acanthocephalan ',' danh từ - sâu bọ đầu gai ; tính từ - thuộc sâu bọ đầu gai '),(744,'acanthocephalans',' @acanthocephalan ',' danh từ - sâu bọ đầu gai ; tính từ - thuộc sâu bọ đầu gai '),(745,'acanthocephalous',' @acanthocephalous ',' tính từ - có đầu móc '),(746,'acanthocladous',' @acanthocladous ',' tính từ - có cành gai '),(747,'acanthocyst',' @acanthocyst ',' danh từ - kén gai, nang gai '),(748,'acanthoma',' @acanthoma ',' danh từ - bướu gai '),(749,'acanthophore',' @acanthophore ',' danh từ - cuống gai; gốc gai '),(750,'acanthophysis',' @acanthophysis ',' danh từ - sự rụng gai '),(751,'acanthopore',' @acanthopore ',' danh từ - (sinh học) sự hoá gai '),(752,'acanthus',' @acanthus /ə\'kænθəs/ ','  danh từ,  số nhiều acanthuses,  acanthi - cây ô rô - (kiến trúc) hình trang trí lá ô rô '),(753,'acanthuses',' @acanthus /ə\'kænθəs/ ','  danh từ,  số nhiều acanthuses,  acanthi - cây ô rô - (kiến trúc) hình trang trí lá ô rô '),(754,'acapsular',' @acapsular ',' tính từ - không bao; không nang, không vỏ '),(755,'acardia',' @acardia ',' danh từ - tật thiếu tim (bẩm sinh) '),(756,'acari',' @acari /\'ækərəs/ ','  danh từ,  số nhiều acari - (động vật học) cái ghẻ  ;  danh từ,  số nhiều acari - (động vật học) cái ghẻ '),(757,'acarid',' @acarid ',' danh từ - (động vật) bộ ve bét ; tính từ - thuộc bộ ve bét '),(758,'acarids',' @acarid ',' danh từ - (động vật) bộ ve bét ; tính từ - thuộc bộ ve bét '),(759,'acarpellous',' @acarpellous /,ækɑ:\'peləs/ ','  tính từ - (thực vật học) không lá noãn '),(760,'acarpous',' @acarpous /ə\'kɑ:pəs/ ','  tính từ - (thực vật học) không sinh quả '),(761,'acarus',' @acarus /\'ækərəs/ ','  danh từ,  số nhiều acari - (động vật học) cái ghẻ '),(762,'acas',' @acas ',' (viết tắt) - Dịch vụ trọng tài, hoà giải và cố vấn (Advisory, Conciliation and Arbitration Service) '),(763,'acatalectic',' @acatalectic ',' danh từ - câu có số âm tiết đầy đủ (câu thơ) '),(764,'acaulescent',' @acaulescent ',' tính từ - (thực vật) không thân cây '),(765,'acaulesent',' @acaulesent /ə\'kɔ:ləs/ ','  tính từ - (thực vật học) không thân (cây) '),(766,'acauline',' @acauline /ə\'kɔ:ləs/ ','  tính từ - (thực vật học) không thân (cây) '),(767,'acaulose',' @acaulose /ə\'kɔ:ləs/ ','  tính từ - (thực vật học) không thân (cây) '),(768,'acaulosia',' @acaulosia ',' danh từ - sự không phát triển thân '),(769,'acaulous',' @acaulous /ə\'kɔ:ləs/ ','  tính từ - (thực vật học) không thân (cây) '),(770,'accede',' @accede /æk\'si:d/ ','  nội động từ - đồng ý, tán thành, thừa nhận, bằng lòng =to accede to an apinion+ đồng ý với một ý kiến =to accede to a policy+ tán thành một chính sách - lên (ngôi), nhậm (chức) =to accede to the throne+ lên ngôi =to accede to an office+ nhậm chức - gia nhập, tham gia =to acceden to a party+ gia nhập một đảng phái =to accede to a treaty+ tham gia một hiệp ước (bằng cách chính thức tuyên bố chấp thuận) '),(771,'acceded',' @accede /æk\'si:d/ ','  nội động từ - đồng ý, tán thành, thừa nhận, bằng lòng =to accede to an apinion+ đồng ý với một ý kiến =to accede to a policy+ tán thành một chính sách - lên (ngôi), nhậm (chức) =to accede to the throne+ lên ngôi =to accede to an office+ nhậm chức - gia nhập, tham gia =to acceden to a party+ gia nhập một đảng phái =to accede to a treaty+ tham gia một hiệp ước (bằng cách chính thức tuyên bố chấp thuận) '),(772,'accedence',NULL,' @accedence - xem accede '),(773,'acceder',NULL,' @acceder - xem accede '),(774,'accedes',' @accede /æk\'si:d/ ','  nội động từ - đồng ý, tán thành, thừa nhận, bằng lòng =to accede to an apinion+ đồng ý với một ý kiến =to accede to a policy+ tán thành một chính sách - lên (ngôi), nhậm (chức) =to accede to the throne+ lên ngôi =to accede to an office+ nhậm chức - gia nhập, tham gia =to acceden to a party+ gia nhập một đảng phái =to accede to a treaty+ tham gia một hiệp ước (bằng cách chính thức tuyên bố chấp thuận) '),(775,'acceding',' @accede /æk\'si:d/ ','  nội động từ - đồng ý, tán thành, thừa nhận, bằng lòng =to accede to an apinion+ đồng ý với một ý kiến =to accede to a policy+ tán thành một chính sách - lên (ngôi), nhậm (chức) =to accede to the throne+ lên ngôi =to accede to an office+ nhậm chức - gia nhập, tham gia =to acceden to a party+ gia nhập một đảng phái =to accede to a treaty+ tham gia một hiệp ước (bằng cách chính thức tuyên bố chấp thuận) '),(776,'accelerando',' @accelerando ',' tính từ,adv - (nhạc) nhanh dần ; danh từ - bản nhạc chơi nhanh dần '),(777,'accelerandou',' @accelerandou ',' tính từ,  adv - (âm nhạc) nhanh lên '),(778,'accelerant',' @accelerant ',' danh từ - (hoá học) chất làm phản ứng hoá học xuất hiện nhanh hơn '),(779,'accelerants',' @accelerant ',' danh từ - (hoá học) chất làm phản ứng hoá học xuất hiện nhanh hơn '),(780,'accelerate',' @accelerate /æk\'seləreit/ ','  ngoại động từ - làm nhanh thêm; làm chóng đến; thúc mau, giục gấp - rảo (bước) =to accelerate the pace+ bước mau hơn, rảo bước ;  nội động từ - tăng nhanh hơn; mau hơn, bước mau hơn, rảo bước - gia tốc  @accelerate - tăng tốc, gia tốc, làm nhanh '),(781,'accelerated',' @accelerate /æk\'seləreit/ ','  ngoại động từ - làm nhanh thêm; làm chóng đến; thúc mau, giục gấp - rảo (bước) =to accelerate the pace+ bước mau hơn, rảo bước ;  nội động từ - tăng nhanh hơn; mau hơn, bước mau hơn, rảo bước - gia tốc  @accelerate - tăng tốc, gia tốc, làm nhanh '),(782,'Accelerated depreciation',NULL,' @Accelerated depreciation - (Econ) Khấu hao nhanh, khấu hao gia tốc. + Xem DEPRECIATION '),(783,'accelerated test',NULL,' @accelerated test - (Tech) trắc nghiệm gia tốc '),(784,'accelerates',' @accelerate /æk\'seləreit/ ','  ngoại động từ - làm nhanh thêm; làm chóng đến; thúc mau, giục gấp - rảo (bước) =to accelerate the pace+ bước mau hơn, rảo bước ;  nội động từ - tăng nhanh hơn; mau hơn, bước mau hơn, rảo bước - gia tốc  @accelerate - tăng tốc, gia tốc, làm nhanh '),(785,'accelerating',' @accelerating /æk\'seləreitiɳ/ ','  tính từ - làm nhanh thêm - gia tốc =accelerating force+ (vật lý) lực gia tốc  @accelerate /æk\'seləreit/ ; ngoại động từ - làm nhanh thêm; làm chóng đến; thúc mau, giục gấp - rảo (bước) =to accelerate the pace+ bước mau hơn, rảo bước ;  nội động từ - tăng nhanh hơn; mau hơn, bước mau hơn, rảo bước - gia tốc  @accelerate - tăng tốc, gia tốc, làm nhanh '),(786,'accelerating anode',NULL,' @accelerating anode - (Tech) dương cực gia tốc '),(787,'accelerating cavity',NULL,' @accelerating cavity - (Tech) cái hốc gia tốc '),(788,'accelerating coil',NULL,' @accelerating coil - (Tech) cuộn dây gia tốc '),(789,'accelerating electrode',NULL,' @accelerating electrode - (Tech) điện cực gia tốc '),(790,'accelerating field',NULL,' @accelerating field - (Tech) trường gia tốc '),(791,'accelerating grid',NULL,' @accelerating grid - (Tech) lưới gia tốc '),(792,'Accelerating inflation',NULL,' @Accelerating inflation - (Econ) Lạm phát gia tốc. + Sự tăng vọt tỷ lệ lạm phát. Nếu chính phủ cố giữ tỷ lệ thất nghiệp dưới mức tỷ lệ thất nghiệp tự nhiên thì việc đó sẽ dẫn tới lạm phát gia tốc. '),(793,'accelerating potential',NULL,' @accelerating potential - (Tech) thế gia tốc '),(794,'acceleration',' @acceleration /æk\'selə\'reiʃn/ ','  danh từ - sự làm nhanh thêm, sự thúc mau, sự giục gấp - gia tốc =acceleration of gravity+ (vật lý) gia tốc của trọng lực  @acceleration - (Tech) gia tốc, tăng tốc; độ gia tốc  @acceleration - sự tăng tốc, sự gia tốc, sự làm nhanh - a. by powering sự tăng nhanh độ hội tụ bằng cách nâng lên luỹ thừa  - a. of convergence sự tăng nhanh độ hội tụ, gia tốc hội tụ - a. of Corriolis sự tăng tốc Coriolit - a. of gravity gia tốc trọng trường - a. of falliing body sự tăng tốc gia tốc vật rơi - a. of translation gia tốc tịnh tiến - angular a. gia tốc góc - average a. gia tốc trung bình - centripetal a. gia tốc hướng tâm  @acceleration - complementary a. sự tăng tốc Coriolit, gia tốc Coriolit - instantaneous a. gia tốc tức thời - local a. gia tốc địa phương - normal a. gia tốc pháp tuyến - relative a. gia tốc tương đối - Standar gravitationnal a. gia tốc trọng trường tiêu chuẩn - supplemental a. gia tốc tiếp tuyến - total a. gia tốc toàn phần - uniform a.gia tốc đều '),(795,'acceleration of convergence',NULL,' @acceleration of convergence - (Tech) gia tốc hội tụ '),(796,'acceleration parameter',NULL,' @acceleration parameter - (Tech) thông số gia tốc '),(797,'acceleration voltage',NULL,' @acceleration voltage - (Tech) điện thế gia tốc '),(798,'accelerations',' @acceleration /æk\'selə\'reiʃn/ ','  danh từ - sự làm nhanh thêm, sự thúc mau, sự giục gấp - gia tốc =acceleration of gravity+ (vật lý) gia tốc của trọng lực  @acceleration - (Tech) gia tốc, tăng tốc; độ gia tốc  @acceleration - sự tăng tốc, sự gia tốc, sự làm nhanh - a. by powering sự tăng nhanh độ hội tụ bằng cách nâng lên luỹ thừa  - a. of convergence sự tăng nhanh độ hội tụ, gia tốc hội tụ - a. of Corriolis sự tăng tốc Coriolit - a. of gravity gia tốc trọng trường - a. of falliing body sự tăng tốc gia tốc vật rơi - a. of translation gia tốc tịnh tiến - angular a. gia tốc góc - average a. gia tốc trung bình - centripetal a. gia tốc hướng tâm  @acceleration - complementary a. sự tăng tốc Coriolit, gia tốc Coriolit - instantaneous a. gia tốc tức thời - local a. gia tốc địa phương - normal a. gia tốc pháp tuyến - relative a. gia tốc tương đối - Standar gravitationnal a. gia tốc trọng trường tiêu chuẩn - supplemental a. gia tốc tiếp tuyến - total a. gia tốc toàn phần - uniform a.gia tốc đều '),(799,'accelerative',' @accelerative /æk\'selərətiv/ ','  tính từ - làm nhanh thên, làm mau thêm '),(800,'Accelerator',NULL,' @Accelerator - (Econ) Gia số + Xem Accelerator principle. '),(801,'accelerator',' @accelerator /æk\'seləreitə/ ','  danh từ - người làm tăng tốc độ - máy gia tốc; chân ga (xe ôtô) =high-frequency accelerator+ máy gia tốc tầng cao - (hoá học) chất gia tốc - (sinh vật học) dây thần kinh gia tốc  @accelerator - (Tech) bộ gia tốc, bộ tăng tốc '),(802,'accelerator board',NULL,' @accelerator board - (Tech) bảng gia tốc, tấm gia tốc '),(803,'accelerator card',NULL,' @accelerator card - (Tech) thẻ gia tốc '),(804,'Accelerator coefficient',NULL,' @Accelerator coefficient - (Econ) Hệ số gia tốc. + Một bội số theo đó đầu tư mới sẽ tăng lên khi có sự thay đổi về sản lượng. '),(805,'Accelerator effect',NULL,' @Accelerator effect - (Econ) Hiệu ứng gia tốc. '),(806,'accelerator key',NULL,' @accelerator key - (Tech) khóa gia tốc, phím gia tốc = hot key '),(807,'Accelerator principle',NULL,' @Accelerator principle - (Econ) Nguyên lý gia tốc. + Nguyên lý cho rằng mức đầu tư ròng phụ thuộc vào mức thay đổi dự kiến về sản lượng. '),(808,'accelerators',NULL,' @Accelerator - (Econ) Gia số + Xem Accelerator principle.  @accelerator /æk\'seləreitə/ ;  danh từ - người làm tăng tốc độ - máy gia tốc; chân ga (xe ôtô) =high-frequency accelerator+ máy gia tốc tầng cao - (hoá học) chất gia tốc - (sinh vật học) dây thần kinh gia tốc  @accelerator - (Tech) bộ gia tốc, bộ tăng tốc '),(809,'accelerometer',NULL,' @accelerometer - (Tech) máy đo gia tốc, gia tốc kế '),(810,'accelerometers',NULL,' @accelerometer - (Tech) máy đo gia tốc, gia tốc kế '),(811,'accent',' @accent /\'æksənt/ ','  danh từ - trọng âm - dấu trọng âm =acute accent+ dấu sắc =circumflex accent+ dấu mũ =grave accent+ dấu huyền - giọng =to speak English with a French accent+ nói tiếng Anh với giọng Pháp =to speak ina plaintive accent+ nói giọng than van - (số nhiều) lời nói, lời lẽ =he found every moving accent to persuade his audience+ anh tìm những lời lẽ thật cảm động để thuyết phục thính giả - (âm nhạc) nhấn; dấu nhấn - (nghĩa bóng) sự phân biệt rõ rệt ;  ngoại động từ - đọc có trọng âm, nói có trọng âm, đọc nhấn mạnh - đánh dấu trọng âm - nhấn mạnh, nêu bật  @accent - (Tech) dấu, âm phù; giọng nhấn; đánh dấu (đ); nhấn mạnh (đ)  @accent - dấu phẩy '),(812,'accented',' @accent /\'æksənt/ ','  danh từ - trọng âm - dấu trọng âm =acute accent+ dấu sắc =circumflex accent+ dấu mũ =grave accent+ dấu huyền - giọng =to speak English with a French accent+ nói tiếng Anh với giọng Pháp =to speak ina plaintive accent+ nói giọng than van - (số nhiều) lời nói, lời lẽ =he found every moving accent to persuade his audience+ anh tìm những lời lẽ thật cảm động để thuyết phục thính giả - (âm nhạc) nhấn; dấu nhấn - (nghĩa bóng) sự phân biệt rõ rệt ;  ngoại động từ - đọc có trọng âm, nói có trọng âm, đọc nhấn mạnh - đánh dấu trọng âm - nhấn mạnh, nêu bật  @accent - (Tech) dấu, âm phù; giọng nhấn; đánh dấu (đ); nhấn mạnh (đ)  @accent - dấu phẩy '),(813,'accented character',NULL,' @accented character - (Tech) chữ có dấu '),(814,'accenting',' @accent /\'æksənt/ ','  danh từ - trọng âm - dấu trọng âm =acute accent+ dấu sắc =circumflex accent+ dấu mũ =grave accent+ dấu huyền - giọng =to speak English with a French accent+ nói tiếng Anh với giọng Pháp =to speak ina plaintive accent+ nói giọng than van - (số nhiều) lời nói, lời lẽ =he found every moving accent to persuade his audience+ anh tìm những lời lẽ thật cảm động để thuyết phục thính giả - (âm nhạc) nhấn; dấu nhấn - (nghĩa bóng) sự phân biệt rõ rệt ;  ngoại động từ - đọc có trọng âm, nói có trọng âm, đọc nhấn mạnh - đánh dấu trọng âm - nhấn mạnh, nêu bật  @accent - (Tech) dấu, âm phù; giọng nhấn; đánh dấu (đ); nhấn mạnh (đ)  @accent - dấu phẩy '),(815,'accentor',' @accentor /æk\'sentə/ ','  danh từ - (động vật học) chim chích '),(816,'accents',' @accent /\'æksənt/ ','  danh từ - trọng âm - dấu trọng âm =acute accent+ dấu sắc =circumflex accent+ dấu mũ =grave accent+ dấu huyền - giọng =to speak English with a French accent+ nói tiếng Anh với giọng Pháp =to speak ina plaintive accent+ nói giọng than van - (số nhiều) lời nói, lời lẽ =he found every moving accent to persuade his audience+ anh tìm những lời lẽ thật cảm động để thuyết phục thính giả - (âm nhạc) nhấn; dấu nhấn - (nghĩa bóng) sự phân biệt rõ rệt ;  ngoại động từ - đọc có trọng âm, nói có trọng âm, đọc nhấn mạnh - đánh dấu trọng âm - nhấn mạnh, nêu bật  @accent - (Tech) dấu, âm phù; giọng nhấn; đánh dấu (đ); nhấn mạnh (đ)  @accent - dấu phẩy '),(817,'accentual',' @accentual /æk\'sentjuəl/ ','  tính từ - (thuộc) trọng âm; dựa vào trọng âm '),(818,'accentually',NULL,' @accentually - xem accentual '),(819,'accentuate',' @accentuate /æk\'sentjueit/ ','  ngoại động từ - nhấn trọng âm, đặt trọng âm, đánh dấu trọng âm - nhấn mạnh, làm nổi bật, nêu bật '),(820,'accentuated',' @accentuate /æk\'sentjueit/ ','  ngoại động từ - nhấn trọng âm, đặt trọng âm, đánh dấu trọng âm - nhấn mạnh, làm nổi bật, nêu bật '),(821,'accentuated contrast',NULL,' @accentuated contrast - (Tech) sự tương phản tăng cường '),(822,'accentuates',' @accentuate /æk\'sentjueit/ ','  ngoại động từ - nhấn trọng âm, đặt trọng âm, đánh dấu trọng âm - nhấn mạnh, làm nổi bật, nêu bật '),(823,'accentuating',' @accentuate /æk\'sentjueit/ ','  ngoại động từ - nhấn trọng âm, đặt trọng âm, đánh dấu trọng âm - nhấn mạnh, làm nổi bật, nêu bật '),(824,'accentuation',' @accentuation /æk\'sentju\'eiʃn/ ','  danh từ - sự nhấn trọng âm, sự đặt trọng âm, sự đánh dấu trọng âm - sự nhấn mạnh, sự nêu bật  @accentuation - (Tech) gia cường, nhấn mạnh '),(825,'accentuations',' @accentuation /æk\'sentju\'eiʃn/ ','  danh từ - sự nhấn trọng âm, sự đặt trọng âm, sự đánh dấu trọng âm - sự nhấn mạnh, sự nêu bật  @accentuation - (Tech) gia cường, nhấn mạnh '),(826,'accentuator',NULL,' @accentuator - (Tech) bộ gia cường, bộ tăng sóng '),(827,'accentuators',NULL,' @accentuator - (Tech) bộ gia cường, bộ tăng sóng '),(828,'accept',' @accept /ək\'sept/ ','  ngoại động từ - nhận, chấp nhận, chấp thuận =to accept a proposal+ chấp nhận một đề nghị =to accept a present+ nhận một món quà =to accept an invitation+ nhận lời mời - thừa nhận =to accept a truth+ thừa nhận một sự thật - đảm nhận (công việc...) - (thương nghiệp) chịu trách nhiệm về; nhận thanh toán (hoá đơn, hối phiếu...)  @accept - nhận, chấp nhận; thừa nhận; không bác bỏ '),(829,'accept connection',NULL,' @accept connection - (Tech) nối nhận '),(830,'accept stacker',NULL,' @accept stacker - (Tech) hộp chứa phiếu đã đọc '),(831,'accept statement',NULL,' @accept statement - (Tech) câu lệnh nhận '),(832,'acceptabilities',' @acceptability /ək,septə\'biliti/ ','  danh từ - tính chất có thể chấp nhận - tính chất có thể thừa nhận '),(833,'acceptability',' @acceptability /ək,septə\'biliti/ ','  danh từ - tính chất có thể chấp nhận - tính chất có thể thừa nhận '),(834,'acceptable',' @acceptable /ək\'septəbl/ ','  tính từ - có thể nhận, có thể chấp nhận - có thể thừa nhận - thoả đáng, làm hài lòng; được hoan nghênh, được tán thưởng  @acceptable - nhận được, chấp nhận được, thừa nhận được '),(835,'acceptable quality level (AQL)',NULL,' @acceptable quality level (AQL) - (Tech) mức độ phẩm chất chấp nhận được '),(836,'acceptableness',NULL,' @acceptableness - xem acceptable '),(837,'acceptably',' @acceptably ',' phó từ - chấp nhận được, thừa nhận được - đáng hoan nghênh, đáng tán thưởng '),(838,'Acceptance',NULL,' @Acceptance - (Econ) chấp nhận thanh toán. + Hành vi chấp nhận một hối phiếu do cá nhân hay cơ quan nhận hối phiếu thực hiện, bao gồm ký hối phiếu và thường ký trên mặt hối phiếu. '),(839,'acceptance',' @acceptance /ək\'septəbl/ ','  danh từ - sự nhận, sự chấp nhận, sự chấp thuận - sự thừa nhận, sự công nhận - sự hoan nghênh, sự tán thưởng, sự tán thành; sự tin =his statement will not find acceptance+ lời tuyên bố của ông ta sẽ không được ai tin - (thương nghiệp) sự nhận thanh toán (hoá đơn); hoá đơn được nhận thanh toán =general acceptance+ sự nhận thanh toán không cần có điều kiện =qualified acceptance+ sự nhận thanh toán có điều kiện !acceptance of persons - sự thiên vị  @acceptance - sự nhận, sự thu nhận '),(840,'acceptance angle',NULL,' @acceptance angle - (Tech) góc thụ quang, góc nhận ánh sáng '),(841,'acceptance cone',NULL,' @acceptance cone - (Tech) chóp thụ quang '),(842,'acceptance inspection',NULL,' @acceptance inspection - (Tech) kiểm tra nghiệm thu '),(843,'acceptance pattern',NULL,' @acceptance pattern - (Tech) mô thức thụ quang '),(844,'acceptance test',NULL,' @acceptance test - (Tech) thử nghiệm thu, trắc nghiệm kiểm nhận '),(845,'acceptance trials',NULL,' @acceptance trials - (Tech) thực nghiệm thụ quang '),(846,'acceptances',NULL,' @Acceptance - (Econ) chấp nhận thanh toán. + Hành vi chấp nhận một hối phiếu do cá nhân hay cơ quan nhận hối phiếu thực hiện, bao gồm ký hối phiếu và thường ký trên mặt hối phiếu.  ;  danh từ - sự nhận, sự chấp nhận, sự chấp thuận - sự thừa nhận, sự công nhận - sự hoan nghênh, sự tán thưởng, sự tán thành; sự tin =his statement will not find acceptance+ lời tuyên bố của ông ta sẽ không được ai tin - (thương nghiệp) sự nhận thanh toán (hoá đơn); hoá đơn được nhận thanh toán =general acceptance+ sự nhận thanh toán không cần có điều kiện =qualified acceptance+ sự nhận thanh toán có điều kiện !acceptance of persons - sự thiên vị  @acceptance - sự nhận, sự thu nhận '),(847,'acceptation',' @acceptation /,æksep\'teiʃn/ ','  danh từ - ý nghĩa đặc biệt (của một từ, thành ngữ) - nghĩa được thừa nhận (của một từ, thành ngữ) '),(848,'accepted',' @accepted /ək\'septid/ ','  tính từ - đã được thừa nhận, đã được công nhận  @accepted - được công nhận, được thừa nhận  ;  ngoại động từ - nhận, chấp nhận, chấp thuận =to accept a proposal+ chấp nhận một đề nghị =to accept a present+ nhận một món quà =to accept an invitation+ nhận lời mời - thừa nhận =to accept a truth+ thừa nhận một sự thật - đảm nhận (công việc...) - (thương nghiệp) chịu trách nhiệm về; nhận thanh toán (hoá đơn, hối phiếu...)  @accept - nhận, chấp nhận; thừa nhận; không bác bỏ '),(849,'accepting',' @accepting - (Tech) nhận tin (đầu cuối)  @accept /ək\'sept/ ','  ngoại động từ - nhận, chấp nhận, chấp thuận =to accept a proposal+ chấp nhận một đề nghị =to accept a present+ nhận một món quà =to accept an invitation+ nhận lời mời - thừa nhận =to accept a truth+ thừa nhận một sự thật - đảm nhận (công việc...) - (thương nghiệp) chịu trách nhiệm về; nhận thanh toán (hoá đơn, hối phiếu...)  @accept - nhận, chấp nhận; thừa nhận; không bác bỏ '),(850,'Accepting house',NULL,' @Accepting house - (Econ) Ngân hàng nhận trả. + Một trong số các NGÂN HÀNG THƯƠNG MẠI có trụ sở tại London, với mục đích thu tiền hoa hồng ngân hàng này nhận trả các hối phiếu, nghĩa là chấp nhận thanh toán chúng khi đáo hạn. '),(851,'accepting station',NULL,' @accepting station - (Tech) trạm nhận tin '),(852,'acceptor',' @acceptor /ək\'septə/ ','  danh từ - (thương nghiệp) người nhận thanh toán (hoá đơn...) - (vật lý); (hoá học) chất nhận  @acceptor - (Tech) nguyên tử nhận, phần tử nhận; mạch cộng hưởng (nối tiếp), mạch nhận; chất tạp nhận '),(853,'acceptor center',NULL,' @acceptor center - (Tech) trung tâm tiếp nhận '),(854,'acceptor circuit',NULL,' @acceptor circuit - (Tech) mạch cộng hưởng nối tiếp, mạch nhận '),(855,'acceptor level',NULL,' @acceptor level - (Tech) mức nhận '),(856,'acceptor state',NULL,' @acceptor state - (Tech) trạng thái nhận '),(857,'acceptor type trap',NULL,' @acceptor type trap - (Tech) cái bẫy loại nhận '),(858,'acceptors',' @acceptor /ək\'septə/ ','  danh từ - (thương nghiệp) người nhận thanh toán (hoá đơn...) - (vật lý); (hoá học) chất nhận  @acceptor - (Tech) nguyên tử nhận, phần tử nhận; mạch cộng hưởng (nối tiếp), mạch nhận; chất tạp nhận '),(859,'accepts',' @accept /ək\'sept/ ','  ngoại động từ - nhận, chấp nhận, chấp thuận =to accept a proposal+ chấp nhận một đề nghị =to accept a present+ nhận một món quà =to accept an invitation+ nhận lời mời - thừa nhận =to accept a truth+ thừa nhận một sự thật - đảm nhận (công việc...) - (thương nghiệp) chịu trách nhiệm về; nhận thanh toán (hoá đơn, hối phiếu...)  @accept - nhận, chấp nhận; thừa nhận; không bác bỏ '),(860,'Accesion rate',NULL,' @Accesion rate - (Econ) Tỷ lệ gia tăng lao động. + Số lượng những người thuê mới mỗi tháng tính theo tỷ lệ phần trăm tổng số việc làm do Bộ lao động Mỹ thống kê. '),(861,'Accesions tax',NULL,' @Accesions tax - (Econ) Thuế quà tặng. + Thuế đánh vào quà tặng và tài sản thừa kế. '),(862,'accesory',NULL,' @accesory - phụ thêm; phụ tùng '),(863,'Access',NULL,' @Access/space trade - off model - (Econ) Mô hình đánh đổi không gian hay mô hình tiếp cận. + Một mô hình lý thuyết được sử dụng (chủ yếu) trong phân tích địa điểm dân cư ở các vùng đô thị, giải thích các hình thái vị trí do đánh đổi giữa khả năng tiếp cận của một địa điểm tới trung tâm của vùng và không gian của địa điểm đó. '),(864,'access',' @access /\'ækses/ ','  danh từ - lối vào, cửa vào, đường vào - sự đến gần, sự cho vào, sự lui tới; quyền đến gần, quyền lui tới =easy of access+ dễ đến gần, dễ lui tới =difficult of access+ khó đến gần, khó lui tới =to have access to somebody+ được gần gũi ai, được lui tới nhà ai - sự dâng lên (nước triều) =the access and recess of the sea+ lúc triều lên và triều xuống ở biển - cơn =access of anger+ cơn giận =access of illness+ cơn bệnh - sự thêm vào, sự tăng lên =access of wealth+ sự giàu có thêm lên  @access - (Tech) truy cập, truy tìm, truy xuất-nhập, tồn thủ [TQ]; lối vào; tiếp cận; viết (vào)-đọc (ra), tồn thủ; tìm vào  @access - sự cho vào; (máy tính) lối vào nhận tin - random a. thứ tự chọn ngẫu nhiên '),(865,'access address',NULL,' @access address - (Tech) địa chỉ truy cập '),(866,'access arm',NULL,' @access arm - &lt;tin&gt; cần mang đầu từ '),(867,'access attempt',NULL,' @access attempt - (Tech) lần thử độ truy cập '),(868,'access barred signal',NULL,' @access barred signal - (Tech) tín hiệu cản truy cập '),(869,'access category',NULL,' @access category - (Tech) hạng mục/loại truy cập '),(870,'access code',NULL,' @access code - (Tech) mã truy cập '),(871,'access control',NULL,' @access control - (Tech) điều khiển truy cập '),(872,'access control device (ACD)',NULL,' @access control device (ACD) - (Tech) thiết bị điều khiển truy cập '),(873,'access coupler',NULL,' @access coupler - (Tech) bộ ghép truy cập '),(874,'access denial',NULL,' @access denial - (Tech) chối bỏ/từ khước truy cập '),(875,'access-denial probability',NULL,' @access-denial probability - (Tech) xác suất từ khước truy cập '),(876,'access-denial time',NULL,' @access-denial time - (Tech) thời gian từ khước truy cập '),(877,'access digit',NULL,' @access digit - (Tech) số mã truy cập '),(878,'access failure',NULL,' @access failure - (Tech) thất bại truy cập '),(879,'access hierarchy',NULL,' @access hierarchy - (Tech) giai tầng truy cập [NB] '),(880,'access hole',NULL,' @access hole - &lt;tin&gt; khe đầu từ '),(881,'access key',NULL,' @access key - (Tech) phím truy cập '),(882,'access level',NULL,' @access level - (Tech) mức truy cập '),(883,'access list',NULL,' @access list - (Tech) danh sách truy cập '),(884,'access memory',NULL,' @access memory - (Tech) bộ nhớ truy cập '),(885,'access menu',NULL,' @access menu - (Tech) đơn chọn truy cập '),(886,'access method',NULL,' @access method - (Tech) phương pháp truy cập '),(887,'access mode',NULL,' @access mode - (Tech) kiểu truy cập '),(888,'access model',NULL,' @access model - (Tech) mô hình truy cập '),(889,'access originator',NULL,' @access originator - (Tech) nguồn khởi truy cập '),(890,'access path',NULL,' @access path - (Tech) đường truy cập '),(891,'access period',NULL,' @access period - (Tech) thời kỳ truy cập '),(892,'access permission',NULL,' @access permission - (Tech) cho phép truy cập '),(893,'access phase',NULL,' @access phase - (Tech) pha/vị tướng truy cập '),(894,'access plan',NULL,' @access plan - (Tech) kế hoạch truy cập '),(895,'access point',NULL,' @access point - (Tech) điểm truy cập '),(896,'access port',NULL,' @access port - (Tech) bến truy cập '),(897,'access privilege',NULL,' @access privilege - (Tech) đặc quyền truy cập [NB] '),(898,'access procedure',NULL,' @access procedure - (Tech) thủ tục truy cập '),(899,'access protocol',NULL,' @access protocol - (Tech) nghi thức truy cập '),(900,'access rate = access speed',NULL,' @access rate = access speed - (Tech) tốc độ truy cập '),(901,'access request',NULL,' @access request - (Tech) yêu cầu truy cập '),(902,'access-rights terminal',NULL,' @access-rights terminal - (Tech) đầu cuối dành quyền truy cập '),(903,'access success',NULL,' @access success - (Tech) thành công truy cập '),(904,'access success ratio',NULL,' @access success ratio - (Tech) tỉ lệ thành công truy cập '),(905,'access time',NULL,' @access time - (Tech) thời gian truy cập; thời gian thiết lập '),(906,'access type',NULL,' @access type - (Tech) loại truy cập '),(907,'accessaries',' @accessary /æk\'sesəri/ (accessary) /æk\'sesəri/ ','  danh từ,  (thường) số nhiều - đồ phụ tùng; vật phụ thuộc; đồ thêm vào - (pháp lý) kẻ tòng phạm, kẻ a tòng, kẻ đồng loã ;  tính từ - phụ, phụ vào, thêm vào - (pháp lý) a tòng, đồng loã '),(908,'accessary',' @accessary /æk\'sesəri/ (accessary) /æk\'sesəri/ ','  danh từ,  (thường) số nhiều - đồ phụ tùng; vật phụ thuộc; đồ thêm vào - (pháp lý) kẻ tòng phạm, kẻ a tòng, kẻ đồng loã ;  tính từ - phụ, phụ vào, thêm vào - (pháp lý) a tòng, đồng loã '),(909,'accessed',NULL,' @Access/space trade - off model - (Econ) Mô hình đánh đổi không gian hay mô hình tiếp cận. + Một mô hình lý thuyết được sử dụng (chủ yếu) trong phân tích địa điểm dân cư ở các vùng đô thị, giải thích các hình thái vị trí do đánh đổi giữa khả năng tiếp cận của một địa điểm tới trung tâm của vùng và không gian của địa điểm đó.  @access /\'ækses/ ;  danh từ - lối vào, cửa vào, đường vào - sự đến gần, sự cho vào, sự lui tới; quyền đến gần, quyền lui tới =easy of access+ dễ đến gần, dễ lui tới =difficult of access+ khó đến gần, khó lui tới =to have access to somebody+ được gần gũi ai, được lui tới nhà ai - sự dâng lên (nước triều) =the access and recess of the sea+ lúc triều lên và triều xuống ở biển - cơn =access of anger+ cơn giận =access of illness+ cơn bệnh - sự thêm vào, sự tăng lên =access of wealth+ sự giàu có thêm lên  @access - (Tech) truy cập, truy tìm, truy xuất-nhập, tồn thủ [TQ]; lối vào; tiếp cận; viết (vào)-đọc (ra), tồn thủ; tìm vào  @access - sự cho vào; (máy tính) lối vào nhận tin - random a. thứ tự chọn ngẫu nhiên '),(910,'accesses',NULL,' @Access/space trade - off model - (Econ) Mô hình đánh đổi không gian hay mô hình tiếp cận. + Một mô hình lý thuyết được sử dụng (chủ yếu) trong phân tích địa điểm dân cư ở các vùng đô thị, giải thích các hình thái vị trí do đánh đổi giữa khả năng tiếp cận của một địa điểm tới trung tâm của vùng và không gian của địa điểm đó.  @access /\'ækses/ ;  danh từ - lối vào, cửa vào, đường vào - sự đến gần, sự cho vào, sự lui tới; quyền đến gần, quyền lui tới =easy of access+ dễ đến gần, dễ lui tới =difficult of access+ khó đến gần, khó lui tới =to have access to somebody+ được gần gũi ai, được lui tới nhà ai - sự dâng lên (nước triều) =the access and recess of the sea+ lúc triều lên và triều xuống ở biển - cơn =access of anger+ cơn giận =access of illness+ cơn bệnh - sự thêm vào, sự tăng lên =access of wealth+ sự giàu có thêm lên  @access - (Tech) truy cập, truy tìm, truy xuất-nhập, tồn thủ [TQ]; lối vào; tiếp cận; viết (vào)-đọc (ra), tồn thủ; tìm vào  @access - sự cho vào; (máy tính) lối vào nhận tin - random a. thứ tự chọn ngẫu nhiên '),(911,'accessibilities',' @accessibility /æk,sesi\'biliti/ ','  danh từ - tính có thể tới được, tính có thể đến gần được - sự dễ bị ảnh hưởng  @accessibility - (Tech) khả năng truy cập; tính tiếp cận '),(912,'accessibility',' @accessibility /æk,sesi\'biliti/ ','  danh từ - tính có thể tới được, tính có thể đến gần được - sự dễ bị ảnh hưởng  @accessibility - (Tech) khả năng truy cập; tính tiếp cận '),(913,'accessible',' @accessible /æk\'sesəbl/ ','  tính từ - có thể tới được, có thể gần được =the remote hamlet is accessible by bicycle+ cái xóm nghèo hẻo lánh đó có thể đi xe đạp đến được - dễ bị ảnh hưởng =accessible to bribery+ dễ hối lộ, dễ đút lót - dễ gần (người)  @accessible - tới được, đạt được '),(914,'accessibleness',NULL,' @accessibleness - xem accessible '),(915,'accessibly',NULL,' @accessibly - xem accessible '),(916,'accessiflexor',' @accessiflexor ',' danh từ - (giải phẫu) cơ gấp phụ '),(917,'accessing',NULL,' @Access/space trade - off model - (Econ) Mô hình đánh đổi không gian hay mô hình tiếp cận. + Một mô hình lý thuyết được sử dụng (chủ yếu) trong phân tích địa điểm dân cư ở các vùng đô thị, giải thích các hình thái vị trí do đánh đổi giữa khả năng tiếp cận của một địa điểm tới trung tâm của vùng và không gian của địa điểm đó.  @access /\'ækses/ ;  danh từ - lối vào, cửa vào, đường vào - sự đến gần, sự cho vào, sự lui tới; quyền đến gần, quyền lui tới =easy of access+ dễ đến gần, dễ lui tới =difficult of access+ khó đến gần, khó lui tới =to have access to somebody+ được gần gũi ai, được lui tới nhà ai - sự dâng lên (nước triều) =the access and recess of the sea+ lúc triều lên và triều xuống ở biển - cơn =access of anger+ cơn giận =access of illness+ cơn bệnh - sự thêm vào, sự tăng lên =access of wealth+ sự giàu có thêm lên  @access - (Tech) truy cập, truy tìm, truy xuất-nhập, tồn thủ [TQ]; lối vào; tiếp cận; viết (vào)-đọc (ra), tồn thủ; tìm vào  @access - sự cho vào; (máy tính) lối vào nhận tin - random a. thứ tự chọn ngẫu nhiên '),(918,'accession',' @accession /æk\'seʃn/ ','  danh từ - sự đến gần, sự tiếp kiến - sự lên ngôi, sự nhậm chức; sự đến, sự đạt tới =accession to the throne+ sự lên ngôi =accession to office+ sự nhậm chức =accession to manhood+ sự đến tuổi trưởng thành - sự tăng thêm, sự thêm vào; phần thêm vào =an accession to one\'s stock of knowledge+ sự góp thêm vào cái vốn hiểu biết - sự gia nhập, sự tham gia =accession to an international treaty+ sự tham gia một hiệp ước quốc tế - sự tán thành '),(919,'accessional',NULL,' @accessional - xem accession '),(920,'accessions',' @accession /æk\'seʃn/ ','  danh từ - sự đến gần, sự tiếp kiến - sự lên ngôi, sự nhậm chức; sự đến, sự đạt tới =accession to the throne+ sự lên ngôi =accession to office+ sự nhậm chức =accession to manhood+ sự đến tuổi trưởng thành - sự tăng thêm, sự thêm vào; phần thêm vào =an accession to one\'s stock of knowledge+ sự góp thêm vào cái vốn hiểu biết - sự gia nhập, sự tham gia =accession to an international treaty+ sự tham gia một hiệp ước quốc tế - sự tán thành '),(921,'accessorial',NULL,' @accessorial - xem accessory '),(922,'accessories','@accessory /æk\'sesəri/ (accessary) /æk\'sesəri/',' @accessories - (Tech) phụ tùng, bộ phụ, phụ kiện [TQ] ;  danh từ,  (thường) số nhiều - đồ phụ tùng; vật phụ thuộc; đồ thêm vào - (pháp lý) kẻ tòng phạm, kẻ a tòng, kẻ đồng loã ;  tính từ - phụ, phụ vào, thêm vào - (pháp lý) a tòng, đồng loã '),(923,'accessorii',' @accessorius ',' danh từ - (giải phẫu) cơ phụ; dây thần kinh não X '),(924,'accessorily',NULL,' @accessorily - xem accessory '),(925,'accessoriness',NULL,' @accessoriness - xem accessory '),(926,'accessorius',' @accessorius ',' danh từ - (giải phẫu) cơ phụ; dây thần kinh não X '),(927,'accessory',' @accessory /æk\'sesəri/ (accessary) /æk\'sesəri/ ','  danh từ,  (thường) số nhiều - đồ phụ tùng; vật phụ thuộc; đồ thêm vào - (pháp lý) kẻ tòng phạm, kẻ a tòng, kẻ đồng loã ;  tính từ - phụ, phụ vào, thêm vào - (pháp lý) a tòng, đồng loã '),(928,'accessory software',NULL,' @accessory software - (Tech) nhu liệu/phần mềm phụ '),(929,'acciaccatura',' @acciaccatura ',' danh từ (âm nhạc) - nốt dựa '),(930,'acciaccature',' @acciaccatura ',' danh từ (âm nhạc) - nốt dựa '),(931,'accidence',' @accidence /\'æksidəns/ ','  danh từ - (ngôn ngữ học) hình thái học - yếu tố cơ sở (của một vấn đề) '),(932,'accident',' @accident /\'æksidənt/ ','  danh từ - sự rủi ro, tai nạn, tai biến =without accident+ an toàn không xảy ra tai nạn =to meet with an accident+ gặp rủi ro; gặp tai nạn, gặp tai biến - sự tình cờ, sự ngẫu nhiên =by accident+ tình cờ, ngẫu nhiên - cái phụ, cái không chủ yếu - sự gồ ghề, sự khấp khểnh - (âm nhạc) dấu thăng giáng bất thường  @accident - (Tech) hư hỏng, tai nạn  @accident - sự ngẫu nhiên, trường hợp không may '),(933,'accident-prone',' @accident-prone ',' tính từ - thường xảy ra tai nạn '),(934,'accidental',' @accidental /,æksi\'dentl/ ','  tính từ - tình cờ, ngẫu nhiên; bất ngờ - phụ, phụ thuộc, không chủ yếu ;  danh từ - cái phụ, cái không chủ yếu - (âm nhạc) dấu thăng giáng bất thường  @accidental - (Tech) rũi ro; phụ  @accidental - ngẫu nhiên '),(935,'accidental error',NULL,' @accidental error - (Tech) sai số rủi ro '),(936,'accidentally',' @accidentally /,æksi\'dentəli/ ','  phó từ - tình cờ, ngẫu nhiên '),(937,'accidents',' @accident /\'æksidənt/ ','  danh từ - sự rủi ro, tai nạn, tai biến =without accident+ an toàn không xảy ra tai nạn =to meet with an accident+ gặp rủi ro; gặp tai nạn, gặp tai biến - sự tình cờ, sự ngẫu nhiên =by accident+ tình cờ, ngẫu nhiên - cái phụ, cái không chủ yếu - sự gồ ghề, sự khấp khểnh - (âm nhạc) dấu thăng giáng bất thường  @accident - (Tech) hư hỏng, tai nạn  @accident - sự ngẫu nhiên, trường hợp không may '),(938,'accipiter',' @accipiter ',' danh từ - chim ưng '),(939,'accipiters',' @accipiter ',' danh từ - chim ưng '),(940,'accipitral',' @accipitral /æk\'sipitrəl/ ','  tính từ - (thuộc) chim ưng; như chim ưng - tham mồi (như chim ưng); tham tàn - tinh mắt (như chim ưng) '),(941,'accipitrine',' @accipitrine ',' tính từ - liên quan tới chim ưng; giống như chim ưng '),(942,'acclaim',' @acclaim /ə\'kleim/ ','  danh từ - tiếng hoan hô ;  ngoại động từ - hoan hô - tôn lên =to be acclaimed king+ được tôn lên làm vua '),(943,'acclaimed',' @acclaim /ə\'kleim/ ','  danh từ - tiếng hoan hô ;  ngoại động từ - hoan hô - tôn lên =to be acclaimed king+ được tôn lên làm vua '),(944,'acclaimer',NULL,' @acclaimer - xem acclaim '),(945,'acclaiming',' @acclaim /ə\'kleim/ ','  danh từ - tiếng hoan hô ; ngoại động từ - hoan hô - tôn lên =to be acclaimed king+ được tôn lên làm vua '),(946,'acclaims',' @acclaim /ə\'kleim/ ','  danh từ - tiếng hoan hô ;  ngoại động từ - hoan hô - tôn lên =to be acclaimed king+ được tôn lên làm vua '),(947,'acclamation',' @acclamation /,æklə\'meiʃn/ ','  danh từ - sự hoan hô nhiệt liệt =carried by acclamation+ thông qua bằng cách hoan hô =the decision was carried by acclamation+ mọi người vỗ tay hoan hô thông qua nghị quyết - ((thường) số nhiều) tiếng reo hoan hô, tiếng tung hô '),(948,'acclamations',' @acclamation /,æklə\'meiʃn/ ','  danh từ - sự hoan hô nhiệt liệt =carried by acclamation+ thông qua bằng cách hoan hô =the decision was carried by acclamation+ mọi người vỗ tay hoan hô thông qua nghị quyết - ((thường) số nhiều) tiếng reo hoan hô, tiếng tung hô '),(949,'acclamatory',' @acclamatory /ə\'klæmətəri/ ','  tính từ - hoan hô bằng cách nhiệt liệt hoan hô =acclamatory vote+ bầu bằng cách hoan hô '),(950,'acclimatation',' @acclimatation /ə\'klaimətai\'zeiʃn/ (acclimatation) /ə,klaimə\'teiʃn/ (acclimation) /,æklai\'meiʃn/ ','  danh từ - sự thích nghi khí hậu, sự làm hợp thuỷ thổ '),(951,'acclimate',' @acclimate /ə\'klaimətaiz/ (acclimatise) /ə\'klaimətaiz/ (acclimate) /\'æklaimeit/ ','  ngoại động từ - làm thích nghi khí hậu, làm hợp thuỷ thổ (súc vật, cây cối) =to acclimatize oneself+ thích nghi với môi trường ;  nội động từ - (từ hiếm,nghĩa hiếm) thích nghi khí hậu - thích nghi với môi trường '),(952,'acclimation',' @acclimation /ə\'klaimətai\'zeiʃn/ (acclimatation) /ə,klaimə\'teiʃn/ (acclimation) /,æklai\'meiʃn/ ','  danh từ - sự thích nghi khí hậu, sự làm hợp thuỷ thổ '),(953,'acclimatisation',NULL,' @acclimatisation - sự thích nghi khí hậu, sự làm hợp thuỷ thổ '),(954,'acclimatise',' @acclimatise /ə\'klaimətaiz/ (acclimatise) /ə\'klaimətaiz/ (acclimate) /\'æklaimeit/ ','  ngoại động từ - làm thích nghi khí hậu, làm hợp thuỷ thổ (súc vật, cây cối) =to acclimatize oneself+ thích nghi với môi trường ;  nội động từ - (từ hiếm,nghĩa hiếm) thích nghi khí hậu - thích nghi với môi trường '),(955,'acclimatization',' @acclimatization /ə\'klaimətai\'zeiʃn/ (acclimatation) /ə,klaimə\'teiʃn/ (acclimation) /,æklai\'meiʃn/ ','  danh từ - sự thích nghi khí hậu, sự làm hợp thuỷ thổ '),(956,'acclimatizations',' @acclimatization /ə\'klaimətai\'zeiʃn/ (acclimatation) /ə,klaimə\'teiʃn/ (acclimation) /,æklai\'meiʃn/ ','  danh từ - sự thích nghi khí hậu, sự làm hợp thuỷ thổ '),(957,'acclimatize',' @acclimatize /ə\'klaimətaiz/ (acclimatise) /ə\'klaimətaiz/ (acclimate) /\'æklaimeit/ ','  ngoại động từ - làm thích nghi khí hậu, làm hợp thuỷ thổ (súc vật, cây cối) =to acclimatize oneself+ thích nghi với môi trường ;  nội động từ - (từ hiếm,nghĩa hiếm) thích nghi khí hậu - thích nghi với môi trường '),(958,'acclimatized',' @acclimatize /ə\'klaimətaiz/ (acclimatise) /ə\'klaimətaiz/ (acclimate) /\'æklaimeit/ ','  ngoại động từ - làm thích nghi khí hậu, làm hợp thuỷ thổ (súc vật, cây cối) =to acclimatize oneself+ thích nghi với môi trường ;  nội động từ - (từ hiếm,nghĩa hiếm) thích nghi khí hậu - thích nghi với môi trường '),(959,'acclimatizer',NULL,' @acclimatizer - xem acclimatize '),(960,'acclimatizes',' @acclimatize /ə\'klaimətaiz/ (acclimatise) /ə\'klaimətaiz/ (acclimate) /\'æklaimeit/ ','  ngoại động từ - làm thích nghi khí hậu, làm hợp thuỷ thổ (súc vật, cây cối) =to acclimatize oneself+ thích nghi với môi trường ;  nội động từ - (từ hiếm,nghĩa hiếm) thích nghi khí hậu - thích nghi với môi trường '),(961,'acclimatizing',' @acclimatize /ə\'klaimətaiz/ (acclimatise) /ə\'klaimətaiz/ (acclimate) /\'æklaimeit/ ','  ngoại động từ - làm thích nghi khí hậu, làm hợp thuỷ thổ (súc vật, cây cối) =to acclimatize oneself+ thích nghi với môi trường ;  nội động từ - (từ hiếm,nghĩa hiếm) thích nghi khí hậu - thích nghi với môi trường '),(962,'acclivities',' @acclivity /ə\'kliviti/ ','  danh từ - dốc ngược '),(963,'acclivity',' @acclivity /ə\'kliviti/ ','  danh từ - dốc ngược '),(964,'acclivous',' @acclivous /ə\'klaivəs/ ','  tính từ - dốc ngược '),(965,'accolade',' @accolade /\'ækəleid/ ','  danh từ - sự ôm hôn, sự gõ nhẹ sống gươm lên vai (khi phong tước) - (âm nhạc) dấu gộp '),(966,'accolades',' @accolade /\'ækəleid/ ','  danh từ - sự ôm hôn, sự gõ nhẹ sống gươm lên vai (khi phong tước) - (âm nhạc) dấu gộp '),(967,'accommodate',' @accommodate /ə\'kɔmədeit/ ','  ngoại động từ - điều tiết, làm cho thích nghi, làm cho phù hợp =to accommodate oneself to the new way of living+ làm cho mình thích nghi với lối sống mới - hoà giải, dàn xếp =to accommodate a quarrel+ dàn xếp một cuộc cãi nhau - (+ with) cung cấp, cấp cho, kiếm cho =to accommodate someone with something+ cung cấp cho ai cái gì =to accommodate somebody with a loan+ cho ai vay một số tiền - chứa được, đựng được =this hall can accommodate 500 persons+ gian phòng có thể chứa được 500 người - cho trọ; tìm chỗ cho trọ =to be accommodated in the best hotel+ trọ ở khách sạn sang nhất - giúp đỡ, làm ơn  @accommodate - (Tech) thu nhận, chứa '),(968,'accommodated',' @accommodate /ə\'kɔmədeit/ ','  ngoại động từ - điều tiết, làm cho thích nghi, làm cho phù hợp =to accommodate oneself to the new way of living+ làm cho mình thích nghi với lối sống mới - hoà giải, dàn xếp =to accommodate a quarrel+ dàn xếp một cuộc cãi nhau - (+ with) cung cấp, cấp cho, kiếm cho =to accommodate someone with something+ cung cấp cho ai cái gì =to accommodate somebody with a loan+ cho ai vay một số tiền - chứa được, đựng được =this hall can accommodate 500 persons+ gian phòng có thể chứa được 500 người - cho trọ; tìm chỗ cho trọ =to be accommodated in the best hotel+ trọ ở khách sạn sang nhất - giúp đỡ, làm ơn  @accommodate - (Tech) thu nhận, chứa '),(969,'accommodated location',NULL,' @accommodated location - (Tech) vị trí thu nhận '),(970,'accommodates',' @accommodate /ə\'kɔmədeit/ ','  ngoại động từ - điều tiết, làm cho thích nghi, làm cho phù hợp =to accommodate oneself to the new way of living+ làm cho mình thích nghi với lối sống mới - hoà giải, dàn xếp =to accommodate a quarrel+ dàn xếp một cuộc cãi nhau - (+ with) cung cấp, cấp cho, kiếm cho =to accommodate someone with something+ cung cấp cho ai cái gì =to accommodate somebody with a loan+ cho ai vay một số tiền - chứa được, đựng được =this hall can accommodate 500 persons+ gian phòng có thể chứa được 500 người - cho trọ; tìm chỗ cho trọ =to be accommodated in the best hotel+ trọ ở khách sạn sang nhất - giúp đỡ, làm ơn  @accommodate - (Tech) thu nhận, chứa '),(971,'accommodating',' @accommodating /ə\'kɔmədeitiɳ/ ','  tính từ - dễ dãi, dễ tính, xuề xoà - hay giúp đỡ, sẵn lòng giúp đỡ, hay làm ơn  @accommodate /ə\'kɔmədeit/ ;  ngoại động từ - điều tiết, làm cho thích nghi, làm cho phù hợp =to accommodate oneself to the new way of living+ làm cho mình thích nghi với lối sống mới - hoà giải, dàn xếp =to accommodate a quarrel+ dàn xếp một cuộc cãi nhau - (+ with) cung cấp, cấp cho, kiếm cho =to accommodate someone with something+ cung cấp cho ai cái gì =to accommodate somebody with a loan+ cho ai vay một số tiền - chứa được, đựng được =this hall can accommodate 500 persons+ gian phòng có thể chứa được 500 người - cho trọ; tìm chỗ cho trọ =to be accommodated in the best hotel+ trọ ở khách sạn sang nhất - giúp đỡ, làm ơn  @accommodate - (Tech) thu nhận, chứa '),(972,'Accommodating monetary policy',NULL,' @Accommodating monetary policy - (Econ) Chính sách tiền tệ điều tiết. + Xem VALIDATED INFLATION '),(973,'accommodatingly',NULL,' @accommodatingly - xem accommodating '),(974,'accommodation',' @accommodation /ə,kɔmə\'deiʃn/ ','  danh từ - sự điều tiết, sự thích nghi, sự làm cho phù hợp - sự điều tiết (sức nhìn của mắt) - sự hoà giải, sự dàn xếp - tiện nghi, sự tiện lợi, sự thuận tiện - chỗ trọ, chỗ ăn chỗ ở - món tiền cho vay  @accommodation - (Tech) điều tiết; thích ứng, thích nghi (d) '),(975,'accommodation address',' @accommodation address ',' danh từ - địa chỉ tạm '),(976,'accommodation ladder',' @accommodation ladder ',' danh từ - &lt;hải&gt; thang dây (ở bên sườn tàu thuỷ để lên xuống các xuồng nhỏ) '),(977,'accommodation-ladder',' @accommodation-ladder /ə,kɔmə\'deiʃn-,lædə/ -,lædə/ ','  danh từ - (hàng hải) thang, thang dây (ở bên sườn tàu thuỷ để lên xuống các xuồng nhỏ) '),(978,'accommodation limits',NULL,' @accommodation limits - (Tech) giới hạn dung chứa '),(979,'accommodation train',' @accommodation train /ə,kɔmə\'deiʃntrein/ ','  danh từ - (từ Mỹ,nghĩa Mỹ) xe lửa địa phương (ở địa phương) '),(980,'Accommodation transactions',NULL,' @Accommodation transactions - (Econ) Các giao dịch điều tiết. + Trong CÁN CÂN THANH TOÁN, một loại giao dịch tư bản do CÁC CƠ QUAN TIỀN TỆ áp dụng hoặc điều hành để làm đối trọng lại tình trạng tín dụng hoặc tình trạng nợ nần nảy sinh trong các GIAO DỊCH TỰ ĐỊNH. '),(981,'accommodation unit',' @accommodation unit /ə,kɔmə\'deiʃn,ju:nit/ ','  danh từ - nơi ở '),(982,'accommodations',' @accommodation /ə,kɔmə\'deiʃn/ ','  danh từ - sự điều tiết, sự thích nghi, sự làm cho phù hợp - sự điều tiết (sức nhìn của mắt) - sự hoà giải, sự dàn xếp - tiện nghi, sự tiện lợi, sự thuận tiện - chỗ trọ, chỗ ăn chỗ ở - món tiền cho vay  @accommodation - (Tech) điều tiết; thích ứng, thích nghi (d) '),(983,'accommodative',NULL,' @accommodative - xem accommodate '),(984,'accommodativeness',NULL,' @accommodativeness - xem accommodate '),(985,'accommodator',NULL,' @accommodator - xem accommodate '),(986,'accommodators',NULL,' @accommodator - xem accommodate '),(987,'accommode',NULL,' @accommode - (Tech) thích ứng, thích nghi (đ) '),(988,'accompanied',' @accompany /ə\'kʌmpəni/ ','  ngoại động từ - đi theo, đi cùng, đi kèm, hộ tống - phụ thêm, kèm theo - (âm nhạc) đệm (đàn, nhạc) '),(989,'accompanies',' @accompany /ə\'kʌmpəni/ ','  ngoại động từ - đi theo, đi cùng, đi kèm, hộ tống - phụ thêm, kèm theo - (âm nhạc) đệm (đàn, nhạc) '),(990,'accompaniment',' @accompaniment /ə\'kʌmpənimənt/ ','  danh từ - vật phụ thuộc, vật kèm theo; cái bổ sung - (âm nhạc) sự đệm (dàn nhạc); phần nhạc đệm '),(991,'accompaniments',' @accompaniment /ə\'kʌmpənimənt/ ','  danh từ - vật phụ thuộc, vật kèm theo; cái bổ sung - (âm nhạc) sự đệm (dàn nhạc); phần nhạc đệm '),(992,'accompanist',' @accompanist /ə\'kʌmpənist/ ','  danh từ - (âm nhạc) người đệm (nhạc, đàn) '),(993,'accompanists',' @accompanist /ə\'kʌmpənist/ ','  danh từ - (âm nhạc) người đệm (nhạc, đàn) '),(994,'accompany',' @accompany /ə\'kʌmpəni/ ','  ngoại động từ - đi theo, đi cùng, đi kèm, hộ tống - phụ thêm, kèm theo - (âm nhạc) đệm (đàn, nhạc) '),(995,'accompanying',' @accompany /ə\'kʌmpəni/ ','  ngoại động từ - đi theo, đi cùng, đi kèm, hộ tống - phụ thêm, kèm theo - (âm nhạc) đệm (đàn, nhạc) '),(996,'accomplice',' @accomplice /ə\'kɔmplis/ ','  danh từ - kẻ tòng phạm, kẻ đồng loã '),(997,'accomplices',' @accomplice /ə\'kɔmplis/ ','  danh từ - kẻ tòng phạm, kẻ đồng loã '),(998,'accomplish',' @accomplish /ə\'kɔmpliʃ/ ','  ngoại động từ - hoàn thành, làm xong, làm trọn =to accomplish one\'s task+ hoàn thành nhiệm vụ =to accomplish one\'s promise+ làm trọn lời hứa - thực hiện, đạt tới (mục đích...) =to accomplish one\'s object+ đạt mục đích - làm (ai) hoàn hảo, làm (ai) đạt tới sự hoàn mỹ (về nhạc, hoạ, nữ công...) '),(999,'accomplishable',NULL,' @accomplishable - xem accomplish '),(1000,'accomplished',' @accomplished /ə\'kɔmpiʃt/ ','  tính từ - đã hoàn thành, đã làm xong, xong xuôi, trọn vẹn - được giáo dục kỹ lưỡng, có đầy đủ tài năng; hoàn hảo, hoàn mỹ (về nhạc, hoạ, nữ công...) =an accomplished musician+ một nhạc sĩ tài năng hoàn hảo  @accomplish /ə\'kɔmpliʃ/ ;  ngoại động từ - hoàn thành, làm xong, làm trọn =to accomplish one\'s task+ hoàn thành nhiệm vụ =to accomplish one\'s promise+ làm trọn lời hứa - thực hiện, đạt tới (mục đích...) =to accomplish one\'s object+ đạt mục đích - làm (ai) hoàn hảo, làm (ai) đạt tới sự hoàn mỹ (về nhạc, hoạ, nữ công...) '),(1001,'accomplisher',NULL,' @accomplisher - xem accomplish '),(1002,'accomplishes',' @accomplish /ə\'kɔmpliʃ/ ','  ngoại động từ - hoàn thành, làm xong, làm trọn =to accomplish one\'s task+ hoàn thành nhiệm vụ =to accomplish one\'s promise+ làm trọn lời hứa - thực hiện, đạt tới (mục đích...) =to accomplish one\'s object+ đạt mục đích - làm (ai) hoàn hảo, làm (ai) đạt tới sự hoàn mỹ (về nhạc, hoạ, nữ công...) '),(1003,'accomplishing',' @accomplish /ə\'kɔmpliʃ/ ','  ngoại động từ - hoàn thành, làm xong, làm trọn =to accomplish one\'s task+ hoàn thành nhiệm vụ =to accomplish one\'s promise+ làm trọn lời hứa - thực hiện, đạt tới (mục đích...) =to accomplish one\'s object+ đạt mục đích - làm (ai) hoàn hảo, làm (ai) đạt tới sự hoàn mỹ (về nhạc, hoạ, nữ công...) '),(1004,'accomplishment',' @accomplishment /ə\'kɔmpliʃmənt/ ','  danh từ - sự hoàn thành, sự làm xong, sự làm trọn - sự thực hiện (mục đích...) =the accomplishment of the prophecy+ sự thực hiện lời tiên đoán =the accomplishment of a desire+ sự thực hiện được một điều ước mong - việc đã hoàn thành, việc làm xong, ý định đã thực hiện được; thành quả, thành tựu, thành tích - (số nhiều) tài năng, tài nghệ (về nhạc, hoạ, nữ công...); (xấu) tài vặt '),(1005,'accomplishments',' @accomplishment /ə\'kɔmpliʃmənt/ ','  danh từ - sự hoàn thành, sự làm xong, sự làm trọn - sự thực hiện (mục đích...) =the accomplishment of the prophecy+ sự thực hiện lời tiên đoán =the accomplishment of a desire+ sự thực hiện được một điều ước mong - việc đã hoàn thành, việc làm xong, ý định đã thực hiện được; thành quả, thành tựu, thành tích - (số nhiều) tài năng, tài nghệ (về nhạc, hoạ, nữ công...); (xấu) tài vặt '),(1006,'accord',' @accord /ə\'kɔ:d/ ','  danh từ - sự đồng lòng, sự đồng ý, sự tán thành =with one accord; of one accord+ đồng lòng, nhất trí - hoà ước - sự phù hợp, sự hoà hợp =individual interests must be in accord with the common ones+ quyền lợi cá nhân phải phù hợp với quyền lợi chung - (âm nhạc) sự hợp âm - ý chí, ý muốn =to do something of one\'s own accord+ tự nguyện làm cái gì ;  ngoại động từ - làm cho hoà hợp - cho, ban cho, chấp thuận, chấp nhận =to accord a request+ chấp thuận một yêu cầu =to accord a hearty welcome+ tiếp đãi niềm nở thân ái ;  nội động từ - (+ with) phù hợp với, hoà hợp với, thống nhất với, nhất trí với =words do not accord with deeds+ lời nói không thống nhất với hành động, lời nói không đi đôi với việc làm '),(1007,'accordance',' @accordance /ə\'kɔ:dəns/ ','  danh từ - sự đồng ý, sự thoả thuận (với ai) =to do something in accordance with somebody+ làm điều gì có sự thoả thuận với ai - sự phù hợp, sự theo đúng (cái gì) =in accordance with the instructions+ theo đúng những lời chỉ dẫn - sự cho, sự ban cho '),(1008,'accordances',' @accordance /ə\'kɔ:dəns/ ','  danh từ - sự đồng ý, sự thoả thuận (với ai) =to do something in accordance with somebody+ làm điều gì có sự thoả thuận với ai - sự phù hợp, sự theo đúng (cái gì) =in accordance with the instructions+ theo đúng những lời chỉ dẫn - sự cho, sự ban cho '),(1009,'accordant',' @accordant /ə\'kɔ:dənt/ ','  tính từ - ((thường) + with) thích hợp, phù hợp, hoà hợp với, theo đúng với '),(1010,'accordantly',NULL,' @accordantly - xem accordant '),(1011,'accorde',' @accorde ',' danh từ - hòa ước ; động từ - hoà hợp; phù hợp - cho, ban cho, chấp thuận '),(1012,'accorded',' @accord /ə\'kɔ:d/ ','  danh từ - sự đồng lòng, sự đồng ý, sự tán thành =with one accord; of one accord+ đồng lòng, nhất trí - hoà ước - sự phù hợp, sự hoà hợp =individual interests must be in accord with the common ones+ quyền lợi cá nhân phải phù hợp với quyền lợi chung - (âm nhạc) sự hợp âm - ý chí, ý muốn =to do something of one\'s own accord+ tự nguyện làm cái gì ;  ngoại động từ - làm cho hoà hợp - cho, ban cho, chấp thuận, chấp nhận =to accord a request+ chấp thuận một yêu cầu =to accord a hearty welcome+ tiếp đãi niềm nở thân ái ;  nội động từ - (+ with) phù hợp với, hoà hợp với, thống nhất với, nhất trí với =words do not accord with deeds+ lời nói không thống nhất với hành động, lời nói không đi đôi với việc làm '),(1013,'according',' @according /ə\'kɔ:diɳ/ ','  phó từ - (+ to) theo, y theo - (+ as) tuỳ, tuỳ theo =each one is commended according as his merits+ mỗi người đều được khen thưởng tuỳ theo công lao của mình  @accord /ə\'kɔ:d/ ;  danh từ - sự đồng lòng, sự đồng ý, sự tán thành =with one accord; of one accord+ đồng lòng, nhất trí - hoà ước - sự phù hợp, sự hoà hợp =individual interests must be in accord with the common ones+ quyền lợi cá nhân phải phù hợp với quyền lợi chung - (âm nhạc) sự hợp âm - ý chí, ý muốn =to do something of one\'s own accord+ tự nguyện làm cái gì ;  ngoại động từ - làm cho hoà hợp - cho, ban cho, chấp thuận, chấp nhận =to accord a request+ chấp thuận một yêu cầu =to accord a hearty welcome+ tiếp đãi niềm nở thân ái ;  nội động từ - (+ with) phù hợp với, hoà hợp với, thống nhất với, nhất trí với =words do not accord with deeds+ lời nói không thống nhất với hành động, lời nói không đi đôi với việc làm '),(1014,'accordingly',' @accordingly /ə\'kɔ:diɳ/ ','  phó từ - do đó, vì vậy, cho nên - (sao) cho phù hợp (với hoàn cảnh) - (+ as) (như) according as '),(1015,'accordion',' @accordion /ə\'kɔ:djən/ ','  danh từ - (âm nhạc) đàn xếp, đàn ăccoc '),(1016,'accordionist',' @accordionist /ə\'kɔ:djənist/ ','  danh từ - người chơi đàn xếp, người chơi đàn ăccooc '),(1017,'accordionists',' @accordionist /ə\'kɔ:djənist/ ','  danh từ - người chơi đàn xếp, người chơi đàn ăccooc '),(1018,'accordions',' @accordion /ə\'kɔ:djən/ ','  danh từ - (âm nhạc) đàn xếp, đàn ăccoc '),(1019,'accords',' @accord /ə\'kɔ:d/ ','  danh từ - sự đồng lòng, sự đồng ý, sự tán thành =with one accord; of one accord+ đồng lòng, nhất trí - hoà ước - sự phù hợp, sự hoà hợp =individual interests must be in accord with the common ones+ quyền lợi cá nhân phải phù hợp với quyền lợi chung - (âm nhạc) sự hợp âm - ý chí, ý muốn =to do something of one\'s own accord+ tự nguyện làm cái gì ;  ngoại động từ - làm cho hoà hợp - cho, ban cho, chấp thuận, chấp nhận =to accord a request+ chấp thuận một yêu cầu =to accord a hearty welcome+ tiếp đãi niềm nở thân ái ;  nội động từ - (+ with) phù hợp với, hoà hợp với, thống nhất với, nhất trí với =words do not accord with deeds+ lời nói không thống nhất với hành động, lời nói không đi đôi với việc làm '),(1020,'accost',' @accost /ə\'kɔst/ ','  ngoại động từ - đến gần - bắt chuyện - gạ gẫm; níu, kéo, bám sát (nói về gái điếm) ;  danh từ - sự chào '),(1021,'accosted',' @accost /ə\'kɔst/ ','  ngoại động từ - đến gần - bắt chuyện - gạ gẫm; níu, kéo, bám sát (nói về gái điếm) ;  danh từ - sự chào '),(1022,'accosting',' @accost /ə\'kɔst/ ','  ngoại động từ - đến gần - bắt chuyện - gạ gẫm; níu, kéo, bám sát (nói về gái điếm) ;  danh từ - sự chào '),(1023,'accosts',' @accost /ə\'kɔst/ ','  ngoại động từ - đến gần - bắt chuyện - gạ gẫm; níu, kéo, bám sát (nói về gái điếm) ;  danh từ - sự chào '),(1024,'accouchement',' @accouchement /ə\'ku:ʃma:ɳ/ ','  danh từ - sự đẻ '),(1025,'accouchements',' @accouchement /ə\'ku:ʃma:ɳ/ ','  danh từ - sự đẻ '),(1026,'accoucheur',' @accoucheur /,æku:\'ʃə:/ ','  danh từ - người đỡ đẻ '),(1027,'accoucheurs',' @accoucheur /,æku:\'ʃə:/ ','  danh từ - người đỡ đẻ '),(1028,'accoucheuse',' @accoucheuse /,æku:\'ʃə:z/ ','  danh từ - nữ hộ sinh, bà đỡ '),(1029,'accoucheuses',' @accoucheuse /,æku:\'ʃə:z/ ','  danh từ - nữ hộ sinh, bà đỡ '),(1030,'Account',NULL,' @Account - (Econ) Tài khoản. + 1.Một ghi chép giao dịch giữa hai bên giao dịch có thể là hai bộ phận của một doanh nghiệp và là yếu tố cơ bản trong tất cả các hệ thống giao dịch kinh doanh. 2.Các giai đoạn, thường là hai tuần, theo đó năm kinh doanh của SỞ CHỨNG KHOÁN LONDON được chia ra và qua các giai đoạn này, việc thanh toán các giao dịch trừ giao dịch chứng khoán viền vàng được tiến hành. ');
/*!40000 ALTER TABLE `word` ENABLE KEYS */;
UNLOCK TABLES;

--
-- Table structure for table `wordvn`
--

DROP TABLE IF EXISTS `wordvn`;
/*!40101 SET @saved_cs_client     = @@character_set_client */;
/*!40101 SET character_set_client = utf8 */;
CREATE TABLE `wordvn` (
  `id` int(100) NOT NULL AUTO_INCREMENT,
  `word` varchar(100) DEFAULT NULL,
  `detail1` text,
  `detail2` text,
  PRIMARY KEY (`id`)
) ENGINE=InnoDB AUTO_INCREMENT=17 DEFAULT CHARSET=utf8;
/*!40101 SET character_set_client = @saved_cs_client */;

--
-- Dumping data for table `wordvn`
--

LOCK TABLES `wordvn` WRITE;
/*!40000 ALTER TABLE `wordvn` DISABLE KEYS */;
INSERT INTO `wordvn` VALUES (1,'A La Hán',NULL,'Arhant, Lohan (follower of Buddha)'),(2,'A Lịch Sơn',NULL,'Alexander'),(3,'A di đà phật',NULL,'Amnida Buddha; thank heavens!'),(4,'A đam',NULL,'Adam'),(5,'Ai Cập',NULL,'Egypt, Egyptian'),(6,'Ai Cập học',NULL,'Egyptology'),(7,'Ai Lao',NULL,'Laos, Laotian'),(8,'An ba ni',NULL,'Albania'),(9,'Anh Mỹ',NULL,'Anglo-American'),(10,'Anh Quốc',NULL,'England'),(11,'Anh kim',NULL,'British pound, pound sterling'),(12,'Anh lý',NULL,'English mile'),(13,'Anh ngữ',NULL,'English language'),(14,'Ba Lan',NULL,'Poland'),(15,'Ba Lê',NULL,'Paris'),(16,'Ba Nhĩ Cán',NULL,'(the) Balkans');
/*!40000 ALTER TABLE `wordvn` ENABLE KEYS */;
UNLOCK TABLES;

--
-- Dumping routines for database 'dictionary'
--
/*!50003 DROP FUNCTION IF EXISTS `countWord` */;
/*!50003 SET @saved_cs_client      = @@character_set_client */ ;
/*!50003 SET @saved_cs_results     = @@character_set_results */ ;
/*!50003 SET @saved_col_connection = @@collation_connection */ ;
/*!50003 SET character_set_client  = utf8 */ ;
/*!50003 SET character_set_results = utf8 */ ;
/*!50003 SET collation_connection  = utf8_general_ci */ ;
/*!50003 SET @saved_sql_mode       = @@sql_mode */ ;
/*!50003 SET sql_mode              = 'STRICT_TRANS_TABLES,NO_AUTO_CREATE_USER,NO_ENGINE_SUBSTITUTION' */ ;
DELIMITER ;;
CREATE DEFINER=`root`@`localhost` FUNCTION `countWord`(accid nvarchar(100), id INT) RETURNS int(11)
begin
	declare c int;
	select count(*) into c
    from `pack_vocab` join `package` on pack_vocab.package_id = package.id
    where account_id = accid and word_id = id;
    return c;
end ;;
DELIMITER ;
/*!50003 SET sql_mode              = @saved_sql_mode */ ;
/*!50003 SET character_set_client  = @saved_cs_client */ ;
/*!50003 SET character_set_results = @saved_cs_results */ ;
/*!50003 SET collation_connection  = @saved_col_connection */ ;
/*!50003 DROP FUNCTION IF EXISTS `countWordInPack` */;
/*!50003 SET @saved_cs_client      = @@character_set_client */ ;
/*!50003 SET @saved_cs_results     = @@character_set_results */ ;
/*!50003 SET @saved_col_connection = @@collation_connection */ ;
/*!50003 SET character_set_client  = utf8 */ ;
/*!50003 SET character_set_results = utf8 */ ;
/*!50003 SET collation_connection  = utf8_general_ci */ ;
/*!50003 SET @saved_sql_mode       = @@sql_mode */ ;
/*!50003 SET sql_mode              = 'STRICT_TRANS_TABLES,NO_AUTO_CREATE_USER,NO_ENGINE_SUBSTITUTION' */ ;
DELIMITER ;;
CREATE DEFINER=`root`@`localhost` FUNCTION `countWordInPack`(id INT) RETURNS int(11)
begin
	declare c int;
	select count(*) into c
    from `pack_vocab`
    where package_id = id;
    return c;
end ;;
DELIMITER ;
/*!50003 SET sql_mode              = @saved_sql_mode */ ;
/*!50003 SET character_set_client  = @saved_cs_client */ ;
/*!50003 SET character_set_results = @saved_cs_results */ ;
/*!50003 SET collation_connection  = @saved_col_connection */ ;
/*!50003 DROP FUNCTION IF EXISTS `countWordInPack2` */;
/*!50003 SET @saved_cs_client      = @@character_set_client */ ;
/*!50003 SET @saved_cs_results     = @@character_set_results */ ;
/*!50003 SET @saved_col_connection = @@collation_connection */ ;
/*!50003 SET character_set_client  = utf8 */ ;
/*!50003 SET character_set_results = utf8 */ ;
/*!50003 SET collation_connection  = utf8_general_ci */ ;
/*!50003 SET @saved_sql_mode       = @@sql_mode */ ;
/*!50003 SET sql_mode              = 'STRICT_TRANS_TABLES,NO_AUTO_CREATE_USER,NO_ENGINE_SUBSTITUTION' */ ;
DELIMITER ;;
CREATE DEFINER=`root`@`localhost` FUNCTION `countWordInPack2`(id INT) RETURNS int(11)
begin
	declare c int;
	select count(*) into c
    from `pack_vocab_vn`
    where package_id = id;
    return c;
end ;;
DELIMITER ;
/*!50003 SET sql_mode              = @saved_sql_mode */ ;
/*!50003 SET character_set_client  = @saved_cs_client */ ;
/*!50003 SET character_set_results = @saved_cs_results */ ;
/*!50003 SET collation_connection  = @saved_col_connection */ ;
/*!40103 SET TIME_ZONE=@OLD_TIME_ZONE */;

/*!40101 SET SQL_MODE=@OLD_SQL_MODE */;
/*!40014 SET FOREIGN_KEY_CHECKS=@OLD_FOREIGN_KEY_CHECKS */;
/*!40014 SET UNIQUE_CHECKS=@OLD_UNIQUE_CHECKS */;
/*!40101 SET CHARACTER_SET_CLIENT=@OLD_CHARACTER_SET_CLIENT */;
/*!40101 SET CHARACTER_SET_RESULTS=@OLD_CHARACTER_SET_RESULTS */;
/*!40101 SET COLLATION_CONNECTION=@OLD_COLLATION_CONNECTION */;
/*!40111 SET SQL_NOTES=@OLD_SQL_NOTES */;

-- Dump completed on 2018-06-16 13:24:00
